/Users/jin/Projects/microduck-build/microduck-lab/microduck_rl/.venv/lib/python3.12/site-packages/tyro/_parsers.py:353: UserWarning: The field `env.scene.entities.robot.collisions.0.geom-names-expr` is annotated with type `tuple[str, ...]`, but the default value `['.*_collision']` has type `<class 'list'>`. We'll try to handle this gracefully, but it may cause unexpected behavior.
  warnings.warn(message)
/Users/jin/Projects/microduck-build/microduck-lab/microduck_rl/.venv/lib/python3.12/site-packages/tyro/_resolver.py:600: TyroWarning: <class 'list'> does not match any type in Union: [<class 'str'>, <class 'tuple'>, <class 'NoneType'>]
  warnings.warn(
/Users/jin/Projects/microduck-build/microduck-lab/microduck_rl/.venv/lib/python3.12/site-packages/mjlab/entity/entity.py:149: UserWarning: Actuator config matched 14 joint(s) but the same expressions also match 7 site(s): imu, left_foot, head_camera, tof, head_imu, mouth_tip, right_foot. Add a separate config with transmission_type=TransmissionType.SITE if those should be actuated too.
  self._add_actuators()
[mdp] Patches 1-2 active: NaN-safe reward/advantage
[mdp] Patch 4 active: ONNX export filters passive_* joints
[INFO] Training with: device=cpu, seed=42, rank=0
[INFO] Logging experiment in directory: logs/rsl_rl/velocity/2026-09-16_21-26-36_velocity
Setting seed: 42
Warp 1.12.0 initialized:
   CUDA not enabled in this build
   Devices:
     "cpu"      : "arm"
   Kernel cache:
     /Users/jin/Library/Caches/warp/1.12.0
[BamActuator] model='m6' joints=14 kt=0.3660 R=2.8114 vin=range=(6.5, 8.2) drop_gain_range=(0.0, 0.2) force_limit=±1.07Nm friction_base=0.0048 friction_viscous=0.0054 envs=512 device=cpu
Module mujoco_warp._src.render_util 3cd330a load on device 'cpu' took 0.47 ms  (cached)
Module mujoco_warp._src.bvh e843d00 load on device 'cpu' took 0.16 ms  (cached)

+--------------------------------+
|        Base Environment        |
+------------------------+-------+
| Property               | Value |
+------------------------+-------+
| Number of environments | 512   |
| Environment device     | cpu   |
| Environment seed       | 42    |
| Physics step-size      | 0.005 |
| Environment step-size  | 0.02  |
+------------------------+-------+

[INFO] <EventManager> contains 3 active terms.
+-------------------------------------+
| Active Event Terms in Mode: 'reset' |
+-------+-----------------------------+
| Index | Name                        |
+-------+-----------------------------+
|   0   | reset_base                  |
|   1   | reset_robot_joints          |
|   2   | reset_action_history        |
|   3   | randomize_com               |
|   4   | randomize_head_com          |
|   5   | randomize_joint_friction    |
|   6   | randomize_armature          |
+-------+-----------------------------+
+----------------------------------------------+
|    Active Event Terms in Mode: 'interval'    |
+-------+------------+-------------------------+
| Index | Name       | Interval time range (s) |
+-------+------------+-------------------------+
|   0   | push_robot |        (3.0, 6.0)       |
+-------+------------+-------------------------+
+---------------------------------------+
| Active Event Terms in Mode: 'startup' |
+-------+-------------------------------+
| Index | Name                          |
+-------+-------------------------------+
|   0   | foot_friction                 |
|   1   | encoder_bias                  |
|   2   | base_com                      |
|   3   | expand_bam_friction_fields    |
|   4   | randomize_mass_inertia        |
+-------+-------------------------------+
+-----------------------------+
| Domain Randomization Fields |
+-------+---------------------+
| Index | Field Name          |
+-------+---------------------+
|   0   | geom_friction       |
|   1   | body_ipos           |
|   2   | body_subtreemass    |
|   3   | dof_invweight0      |
|   4   | body_invweight0     |
|   5   | tendon_length0      |
|   6   | tendon_invweight0   |
|   7   | dof_frictionloss    |
|   8   | dof_damping         |
|   9   | body_mass           |
|   10  | body_inertia        |
|   11  | body_iquat          |
|   12  | dof_armature        |
+-------+---------------------+

Module repeat_array_kernel_39317a34 8b94c13 load on device 'cpu' took 0.10 ms  (cached)
Module repeat_array_kernel_39317a34 83c495b load on device 'cpu' took 0.08 ms  (cached)
Module repeat_array_kernel_39317a34 024b13f load on device 'cpu' took 0.07 ms  (cached)
Module repeat_array_kernel_39317a34 c14a6b4 load on device 'cpu' took 0.07 ms  (cached)
[INFO] <CommandManager> contains 3 active terms.
+------------------------------------------------+
|              Active Command Terms              |
+-------+-----------+----------------------------+
| Index | Name      |            Type            |
+-------+-----------+----------------------------+
|   0   | twist     | VelocityCommandCommandOnly |
|   1   | head_pose |     UniformPoseCommand     |
|   2   | body_pose |     UniformPoseCommand     |
+-------+-----------+----------------------------+

[INFO] <ActionManager> contains 1 active terms.
+---------------------------------+
| Active Action Terms (shape: 14) |
+-------+-----------+-------------+
| Index | Name      |   Dimension |
+-------+-----------+-------------+
|   0   | joint_pos |          14 |
+-------+-----------+-------------+

[INFO] <ObservationManager> contains 2 groups.
+-----------------------------------------------------------+
| Active Observation Terms in Group: 'actor' (shape: (61,)) |
+-----------+----------------------------------+------------+
|   Index   | Name                             |   Shape    |
+-----------+----------------------------------+------------+
|     0     | base_ang_vel                     |    (3,)    |
|     1     | projected_gravity                |    (3,)    |
|     2     | joint_pos                        |   (14,)    |
|     3     | joint_vel                        |   (14,)    |
|     4     | actions                          |   (14,)    |
|     5     | command                          |    (3,)    |
|     6     | head_command                     |    (4,)    |
|     7     | body_command                     |    (6,)    |
+-----------+----------------------------------+------------+
+------------------------------------------------------------+
| Active Observation Terms in Group: 'critic' (shape: (76,)) |
+----------+------------------------------------+------------+
|  Index   | Name                               |   Shape    |
+----------+------------------------------------+------------+
|    0     | base_lin_vel                       |    (3,)    |
|    1     | base_ang_vel                       |    (3,)    |
|    2     | projected_gravity                  |    (3,)    |
|    3     | joint_pos                          |   (14,)    |
|    4     | joint_vel                          |   (14,)    |
|    5     | actions                            |   (14,)    |
|    6     | command                            |    (3,)    |
|    7     | foot_height                        |    (2,)    |
|    8     | foot_air_time                      |    (2,)    |
|    9     | foot_contact                       |    (2,)    |
|    10    | foot_contact_forces                |    (6,)    |
|    11    | head_command                       |    (4,)    |
|    12    | body_command                       |    (6,)    |
+----------+------------------------------------+------------+

[INFO] <TerminationManager> contains 4 active terms.
+------------------------------------------+
|         Active Termination Terms         |
+-------+-----------------------+----------+
| Index | Name                  | Time Out |
+-------+-----------------------+----------+
|   0   | time_out              |   True   |
|   1   | fell_over             |  False   |
|   2   | out_of_terrain_bounds |   True   |
|   3   | nan_state             |  False   |
+-------+-----------------------+----------+

[INFO] <RewardManager> contains 16 active terms.
+-----------------------------------------+
|           Active Reward Terms           |
+-------+------------------------+--------+
| Index | Name                   | Weight |
+-------+------------------------+--------+
|   0   | track_linear_velocity  |    2.0 |
|   1   | track_angular_velocity |    2.0 |
|   2   | upright                |    2.0 |
|   3   | pose                   |    1.0 |
|   4   | body_ang_vel           |  -0.05 |
|   5   | angular_momentum       |  -0.02 |
|   6   | dof_pos_limits         |   -1.0 |
|   7   | action_rate_l2         |   -0.1 |
|   8   | air_time               |    3.0 |
|   9   | foot_clearance         |   -2.0 |
|   10  | foot_swing_height      |  -0.25 |
|   11  | foot_slip              |   -0.1 |
|   12  | self_collisions        |   -1.0 |
|   13  | head_pose_tracking     |    2.0 |
|   14  | body_pose_tracking     |    0.0 |
|   15  | head_pose_bias         |    0.0 |
+-------+------------------------+--------+

[INFO] <CurriculumManager> contains 7 active terms.
+-------------------------------+
|    Active Curriculum Terms    |
+-------+-----------------------+
| Index | Name                  |
+-------+-----------------------+
|   0   | action_rate_weight    |
|   1   | standing_envs         |
|   2   | head_pose_range       |
|   3   | body_pose_range       |
|   4   | com_range             |
|   5   | head_com_range        |
|   6   | head_pose_bias_weight |
+-------+-----------------------+
wandb: WARNING `start_method` is deprecated and will be removed in a future version of wandb. This setting is currently non-functional and safely ignored.

[INFO] <MetricsManager> contains 1 active terms.
+-------------------------+
|   Active Metrics Terms  |
+-------+-----------------+
| Index | Name            |
+-------+-----------------+
|   0   | mean_action_acc |
+-------+-----------------+

[INFO] <NullRecorderManager> (inactive)
Module mujoco_warp._src.io 0374352 load on device 'cpu' took 0.23 ms  (cached)
Module mujoco_warp._src.smooth 8731313 load on device 'cpu' took 0.18 ms  (cached)
Module _tile_cholesky_factorize__locals__cholesky_factorize_a02b7349 70689db load on device 'cpu' took 0.17 ms  (cached)
Module _tile_cholesky_solve__locals__cholesky_solve_8c82e9f1 b8f2819 load on device 'cpu' took 0.10 ms  (cached)
Module reset_data__locals__reset_xfrc_applied_e7898c5c 1f5e12c load on device 'cpu' took 0.14 ms  (cached)
Module reset_data__locals__reset_qM_10d3c793 f59ca3c load on device 'cpu' took 0.07 ms  (cached)
Module reset_data__locals__reset_mocap_ff71f630 d0e4e7e load on device 'cpu' took 0.07 ms  (cached)
Module reset_data__locals__reset_contact_df686d47 3af0a2f load on device 'cpu' took 0.06 ms  (cached)
Module reset_data__locals__reset_nworld_6e0d904e aef9a67 load on device 'cpu' took 0.06 ms  (cached)
Module mujoco_warp._src.collision_driver eed4cf3 load on device 'cpu' took 0.21 ms  (cached)
Module _nxn_broadphase__locals__kernel_e73b1315 157cf89 load on device 'cpu' took 0.11 ms  (cached)
Module ccd_kernel_builder__locals__ccd_kernel_079dfa94 f710486 load on device 'cpu' took 0.21 ms  (cached)
Module _primitive_narrowphase__locals__primitive_narrowphase_b282a07a b20db85 load on device 'cpu' took 0.18 ms  (cached)
Module mujoco_warp._src.constraint 02b3f03 load on device 'cpu' took 0.17 ms  (cached)
Module _efc_contact_init__locals__kernel_fda71e14 d197232 load on device 'cpu' took 0.12 ms  (cached)
Module _efc_contact_jac_dense__locals__kernel_7974b597 a581aa2 load on device 'cpu' took 0.10 ms  (cached)
Module _efc_contact_update__locals__kernel_90315d53 49b5115 load on device 'cpu' took 0.08 ms  (cached)
Module mujoco_warp._src.sensor 93435cc load on device 'cpu' took 0.16 ms  (cached)
Module mujoco_warp._src.forward 5dcb54e load on device 'cpu' took 0.11 ms  (cached)
Module mujoco_warp._src.passive 12b3435 load on device 'cpu' took 0.09 ms  (cached)
Module mujoco_warp._src.support fda47c6 load on device 'cpu' took 0.10 ms  (cached)
Module _tile_cholesky_factorize_solve__locals__cholesky_factorize_solve_b16bf393 cd62458 load on device 'cpu' took 0.08 ms  (cached)
Module mujoco_warp._src.solver 2f1f5c6 load on device 'cpu' took 0.11 ms  (cached)
Module solve_init_jaref__locals__kernel_5208712d fbe27e4 load on device 'cpu' took 0.07 ms  (cached)
Module mul_m_dense__locals___mul_m_dense_b66df345 db44421 load on device 'cpu' took 0.07 ms  (cached)
Module update_constraint_efc__locals__kernel_32935e9d 7127a83 load on device 'cpu' took 0.10 ms  (cached)
Module update_constraint_gauss_cost__locals__kernel_baf8e129 efdabd1 load on device 'cpu' took 0.08 ms  (cached)
Module update_gradient_JTDAJ_dense_tiled__locals__kernel_9404d42c 6b42f96 load on device 'cpu' took 0.08 ms  (cached)
Module update_gradient_cholesky__locals__kernel_5ee47d83 702e3ec load on device 'cpu' took 0.08 ms  (cached)
Module linesearch_jv_fused__locals__kernel_7bf09094 6b3208c load on device 'cpu' took 0.08 ms  (cached)
Module linesearch_prepare_gauss__locals__kernel_97347d38 0cadf6d load on device 'cpu' took 0.07 ms  (cached)
Module update_constraint_efc__locals__kernel_3c1a9816 0242ddf load on device 'cpu' took 0.10 ms  (cached)
Module _contact_sort__locals__contact_sort_304c86df 71fdfff load on device 'cpu' took 0.13 ms  (cached)
Module mujoco_warp._src.ray abbcfd9 load on device 'cpu' took 0.10 ms  (cached)
--------------------------------------------------------------------------------
Resolved observation sets: 
	 actor :  ('actor',)
	 critic :  ('critic',)
--------------------------------------------------------------------------------
Actor Model: MLPModel(
  (obs_normalizer): EmpiricalNormalization()
  (distribution): GaussianDistribution()
  (mlp): MLP(
    (0): Linear(in_features=61, out_features=512, bias=True)
    (1): ELU(alpha=1.0)
    (2): Linear(in_features=512, out_features=256, bias=True)
    (3): ELU(alpha=1.0)
    (4): Linear(in_features=256, out_features=128, bias=True)
    (5): ELU(alpha=1.0)
    (6): Linear(in_features=128, out_features=14, bias=True)
  )
)
Critic Model: MLPModel(
  (obs_normalizer): EmpiricalNormalization()
  (mlp): MLP(
    (0): Linear(in_features=76, out_features=512, bias=True)
    (1): ELU(alpha=1.0)
    (2): Linear(in_features=512, out_features=256, bias=True)
    (3): ELU(alpha=1.0)
    (4): Linear(in_features=256, out_features=128, bias=True)
    (5): ELU(alpha=1.0)
    (6): Linear(in_features=128, out_features=1, bias=True)
  )
)
Storing git diff for 'microduck_rl' in: logs/rsl_rl/velocity/2026-09-16_21-26-36_velocity/git/microduck_rl.diff
Module mujoco_warp._src.derivative 77f0d4f load on device 'cpu' took 0.30 ms  (cached)
################################################################################
[1m                            Learning iteration 0/50                             [0m 

                               Run name: velocity
                            Total steps: 12288 
                       Steps per second: 978 
                        Collection time: 12.278s 
                          Learning time: 0.274s 
                        Mean value loss: 0.0355
                    Mean surrogate loss: -0.0036
                      Mean entropy loss: 19.8314
                            Mean reward: 0.11
                    Mean episode length: 20.08
                        Mean action std: 1.00
   Episode_Reward/track_linear_velocity: 0.0100
  Episode_Reward/track_angular_velocity: 0.0009
                 Episode_Reward/upright: 0.0136
                    Episode_Reward/pose: 0.0042
            Episode_Reward/body_ang_vel: -0.0065
        Episode_Reward/angular_momentum: -0.0000
          Episode_Reward/dof_pos_limits: -0.0002
          Episode_Reward/action_rate_l2: -0.0323
                Episode_Reward/air_time: 0.0016
          Episode_Reward/foot_clearance: -0.0001
       Episode_Reward/foot_swing_height: -0.0005
               Episode_Reward/foot_slip: -0.0000
         Episode_Reward/self_collisions: -0.0000
      Episode_Reward/head_pose_tracking: 0.0214
      Episode_Reward/body_pose_tracking: 0.0000
          Episode_Reward/head_pose_bias: 0.0000
        Episode_Metrics/mean_action_acc: 1.7042
          Curriculum/action_rate_weight: -0.1000
               Curriculum/standing_envs: 0.0200
             Curriculum/head_pose_range: 0.0700
             Curriculum/body_pose_range: 0.0500
                   Curriculum/com_range: 0.0030
              Curriculum/head_com_range: 0.0030
       Curriculum/head_pose_bias_weight: 0.0000
             Metrics/twist/error_vel_xy: 0.0086
            Metrics/twist/error_vel_yaw: 0.0483
           Episode_Termination/time_out: 1.1667
          Episode_Termination/fell_over: 1.7917
Episode_Termination/out_of_terrain_bounds: 0.0000
          Episode_Termination/nan_state: 0.0000
          Metrics/angular_momentum_mean: 0.0086
                  Metrics/air_time_mean: 0.0500
               Metrics/peak_height_mean: 0.0057
             Metrics/slip_velocity_mean: 0.0888
--------------------------------------------------------------------------------
                         Iteration time: 12.55s
                           Time elapsed: 00:00:12
                                    ETA: 00:10:15

################################################################################
[1m                            Learning iteration 1/50                             [0m 

                               Run name: velocity
                            Total steps: 24576 
                       Steps per second: 938 
                        Collection time: 12.845s 
                          Learning time: 0.247s 
                        Mean value loss: 0.0453
                    Mean surrogate loss: -0.0136
                      Mean entropy loss: 19.8143
                            Mean reward: 0.17
                    Mean episode length: 40.49
                        Mean action std: 1.00
   Episode_Reward/track_linear_velocity: 0.0245
  Episode_Reward/track_angular_velocity: 0.0022
                 Episode_Reward/upright: 0.0277
                    Episode_Reward/pose: 0.0081
            Episode_Reward/body_ang_vel: -0.0243
        Episode_Reward/angular_momentum: -0.0000
          Episode_Reward/dof_pos_limits: -0.0006
          Episode_Reward/action_rate_l2: -0.0972
                Episode_Reward/air_time: 0.0103
          Episode_Reward/foot_clearance: -0.0003
       Episode_Reward/foot_swing_height: -0.0017
               Episode_Reward/foot_slip: -0.0001
         Episode_Reward/self_collisions: -0.0003
      Episode_Reward/head_pose_tracking: 0.0576
      Episode_Reward/body_pose_tracking: 0.0000
          Episode_Reward/head_pose_bias: 0.0000
        Episode_Metrics/mean_action_acc: 1.9087
          Curriculum/action_rate_weight: -0.1000
               Curriculum/standing_envs: 0.0200
             Curriculum/head_pose_range: 0.0700
             Curriculum/body_pose_range: 0.0500
                   Curriculum/com_range: 0.0030
              Curriculum/head_com_range: 0.0030
       Curriculum/head_pose_bias_weight: 0.0000
             Metrics/twist/error_vel_xy: 0.0313
            Metrics/twist/error_vel_yaw: 0.1731
           Episode_Termination/time_out: 0.0833
          Episode_Termination/fell_over: 17.5833
Episode_Termination/out_of_terrain_bounds: 0.0000
          Episode_Termination/nan_state: 0.0000
          Metrics/angular_momentum_mean: 0.0112
                  Metrics/air_time_mean: 0.0592
               Metrics/peak_height_mean: 0.0109
             Metrics/slip_velocity_mean: 0.0963
--------------------------------------------------------------------------------
                         Iteration time: 13.09s
                           Time elapsed: 00:00:25
                                    ETA: 00:10:15

################################################################################
[1m                            Learning iteration 2/50                             [0m 

                               Run name: velocity
                            Total steps: 36864 
                       Steps per second: 935 
                        Collection time: 12.880s 
                          Learning time: 0.254s 
                        Mean value loss: 0.0569
                    Mean surrogate loss: -0.0144
                      Mean entropy loss: 19.7795
                            Mean reward: 0.21
                    Mean episode length: 35.89
                        Mean action std: 0.99
   Episode_Reward/track_linear_velocity: 0.0259
  Episode_Reward/track_angular_velocity: 0.0018
                 Episode_Reward/upright: 0.0261
                    Episode_Reward/pose: 0.0079
            Episode_Reward/body_ang_vel: -0.0237
        Episode_Reward/angular_momentum: -0.0000
          Episode_Reward/dof_pos_limits: -0.0006
          Episode_Reward/action_rate_l2: -0.0944
                Episode_Reward/air_time: 0.0115
          Episode_Reward/foot_clearance: -0.0003
       Episode_Reward/foot_swing_height: -0.0017
               Episode_Reward/foot_slip: -0.0001
         Episode_Reward/self_collisions: -0.0003
      Episode_Reward/head_pose_tracking: 0.0561
      Episode_Reward/body_pose_tracking: 0.0000
          Episode_Reward/head_pose_bias: 0.0000
        Episode_Metrics/mean_action_acc: 1.9060
          Curriculum/action_rate_weight: -0.1000
               Curriculum/standing_envs: 0.0200
             Curriculum/head_pose_range: 0.0700
             Curriculum/body_pose_range: 0.0500
                   Curriculum/com_range: 0.0030
              Curriculum/head_com_range: 0.0030
       Curriculum/head_pose_bias_weight: 0.0000
             Metrics/twist/error_vel_xy: 0.0288
            Metrics/twist/error_vel_yaw: 0.1728
           Episode_Termination/time_out: 0.0000
          Episode_Termination/fell_over: 16.0000
Episode_Termination/out_of_terrain_bounds: 0.0000
          Episode_Termination/nan_state: 0.0000
          Metrics/angular_momentum_mean: 0.0119
                  Metrics/air_time_mean: 0.0629
               Metrics/peak_height_mean: 0.0106
             Metrics/slip_velocity_mean: 0.1012
--------------------------------------------------------------------------------
                         Iteration time: 13.13s
                           Time elapsed: 00:00:38
                                    ETA: 00:10:07

################################################################################
[1m                            Learning iteration 3/50                             [0m 

                               Run name: velocity
                            Total steps: 49152 
                       Steps per second: 933 
                        Collection time: 12.895s 
                          Learning time: 0.272s 
                        Mean value loss: 0.0435
                    Mean surrogate loss: -0.0156
                      Mean entropy loss: 19.7411
                            Mean reward: 0.18
                    Mean episode length: 34.29
                        Mean action std: 0.99
   Episode_Reward/track_linear_velocity: 0.0251
  Episode_Reward/track_angular_velocity: 0.0020
                 Episode_Reward/upright: 0.0276
                    Episode_Reward/pose: 0.0083
            Episode_Reward/body_ang_vel: -0.0242
        Episode_Reward/angular_momentum: -0.0000
          Episode_Reward/dof_pos_limits: -0.0006
          Episode_Reward/action_rate_l2: -0.0944
                Episode_Reward/air_time: 0.0110
          Episode_Reward/foot_clearance: -0.0003
       Episode_Reward/foot_swing_height: -0.0019
               Episode_Reward/foot_slip: -0.0001
         Episode_Reward/self_collisions: -0.0005
      Episode_Reward/head_pose_tracking: 0.0572
      Episode_Reward/body_pose_tracking: 0.0000
          Episode_Reward/head_pose_bias: 0.0000
        Episode_Metrics/mean_action_acc: 1.8806
          Curriculum/action_rate_weight: -0.1000
               Curriculum/standing_envs: 0.0200
             Curriculum/head_pose_range: 0.0700
             Curriculum/body_pose_range: 0.0500
                   Curriculum/com_range: 0.0030
              Curriculum/head_com_range: 0.0030
       Curriculum/head_pose_bias_weight: 0.0000
             Metrics/twist/error_vel_xy: 0.0306
            Metrics/twist/error_vel_yaw: 0.1750
           Episode_Termination/time_out: 0.0000
          Episode_Termination/fell_over: 13.6250
Episode_Termination/out_of_terrain_bounds: 0.0000
          Episode_Termination/nan_state: 0.0000
          Metrics/angular_momentum_mean: 0.0115
                  Metrics/air_time_mean: 0.0616
               Metrics/peak_height_mean: 0.0102
             Metrics/slip_velocity_mean: 0.1019
--------------------------------------------------------------------------------
                         Iteration time: 13.17s
                           Time elapsed: 00:00:51
                                    ETA: 00:09:57

################################################################################
[1m                            Learning iteration 4/50                             [0m 

                               Run name: velocity
                            Total steps: 61440 
                       Steps per second: 934 
                        Collection time: 12.895s 
                          Learning time: 0.248s 
                        Mean value loss: 0.0455
                    Mean surrogate loss: -0.0148
                      Mean entropy loss: 19.7089
                            Mean reward: 0.18
                    Mean episode length: 33.54
                        Mean action std: 0.99
   Episode_Reward/track_linear_velocity: 0.0258
  Episode_Reward/track_angular_velocity: 0.0021
                 Episode_Reward/upright: 0.0278
                    Episode_Reward/pose: 0.0085
            Episode_Reward/body_ang_vel: -0.0233
        Episode_Reward/angular_momentum: -0.0000
          Episode_Reward/dof_pos_limits: -0.0006
          Episode_Reward/action_rate_l2: -0.0927
                Episode_Reward/air_time: 0.0117
          Episode_Reward/foot_clearance: -0.0003
       Episode_Reward/foot_swing_height: -0.0017
               Episode_Reward/foot_slip: -0.0001
         Episode_Reward/self_collisions: -0.0006
      Episode_Reward/head_pose_tracking: 0.0574
      Episode_Reward/body_pose_tracking: 0.0000
          Episode_Reward/head_pose_bias: 0.0000
        Episode_Metrics/mean_action_acc: 1.8682
          Curriculum/action_rate_weight: -0.1000
               Curriculum/standing_envs: 0.0200
             Curriculum/head_pose_range: 0.0700
             Curriculum/body_pose_range: 0.0500
                   Curriculum/com_range: 0.0030
              Curriculum/head_com_range: 0.0030
       Curriculum/head_pose_bias_weight: 0.0000
             Metrics/twist/error_vel_xy: 0.0299
            Metrics/twist/error_vel_yaw: 0.1746
           Episode_Termination/time_out: 0.0000
          Episode_Termination/fell_over: 15.2917
Episode_Termination/out_of_terrain_bounds: 0.0000
          Episode_Termination/nan_state: 0.0000
          Metrics/angular_momentum_mean: 0.0113
                  Metrics/air_time_mean: 0.0599
               Metrics/peak_height_mean: 0.0106
             Metrics/slip_velocity_mean: 0.1030
--------------------------------------------------------------------------------
                         Iteration time: 13.14s
                           Time elapsed: 00:01:05
                                    ETA: 00:09:45

################################################################################
[1m                            Learning iteration 5/50                             [0m 

                               Run name: velocity
                            Total steps: 73728 
                       Steps per second: 934 
                        Collection time: 12.870s 
                          Learning time: 0.279s 
                        Mean value loss: 0.0422
                    Mean surrogate loss: -0.0155
                      Mean entropy loss: 19.6742
                            Mean reward: 0.26
                    Mean episode length: 34.57
                        Mean action std: 0.99
   Episode_Reward/track_linear_velocity: 0.0240
  Episode_Reward/track_angular_velocity: 0.0019
                 Episode_Reward/upright: 0.0281
                    Episode_Reward/pose: 0.0086
            Episode_Reward/body_ang_vel: -0.0234
        Episode_Reward/angular_momentum: -0.0000
          Episode_Reward/dof_pos_limits: -0.0006
          Episode_Reward/action_rate_l2: -0.0924
                Episode_Reward/air_time: 0.0108
          Episode_Reward/foot_clearance: -0.0004
       Episode_Reward/foot_swing_height: -0.0018
               Episode_Reward/foot_slip: -0.0001
         Episode_Reward/self_collisions: -0.0008
      Episode_Reward/head_pose_tracking: 0.0579
      Episode_Reward/body_pose_tracking: 0.0000
          Episode_Reward/head_pose_bias: 0.0000
        Episode_Metrics/mean_action_acc: 1.8573
          Curriculum/action_rate_weight: -0.1000
               Curriculum/standing_envs: 0.0200
             Curriculum/head_pose_range: 0.0700
             Curriculum/body_pose_range: 0.0500
                   Curriculum/com_range: 0.0030
              Curriculum/head_com_range: 0.0030
       Curriculum/head_pose_bias_weight: 0.0000
             Metrics/twist/error_vel_xy: 0.0317
            Metrics/twist/error_vel_yaw: 0.1784
           Episode_Termination/time_out: 0.0000
          Episode_Termination/fell_over: 13.7500
Episode_Termination/out_of_terrain_bounds: 0.0000
          Episode_Termination/nan_state: 0.0000
          Metrics/angular_momentum_mean: 0.0114
                  Metrics/air_time_mean: 0.0626
               Metrics/peak_height_mean: 0.0107
             Metrics/slip_velocity_mean: 0.1031
--------------------------------------------------------------------------------
                         Iteration time: 13.15s
                           Time elapsed: 00:01:18
                                    ETA: 00:09:33

################################################################################
[1m                            Learning iteration 6/50                             [0m 

                               Run name: velocity
                            Total steps: 86016 
                       Steps per second: 936 
                        Collection time: 12.883s 
                          Learning time: 0.244s 
                        Mean value loss: 0.0447
                    Mean surrogate loss: -0.0136
                      Mean entropy loss: 19.6408
                            Mean reward: 0.25
                    Mean episode length: 34.25
                        Mean action std: 0.98
   Episode_Reward/track_linear_velocity: 0.0257
  Episode_Reward/track_angular_velocity: 0.0020
                 Episode_Reward/upright: 0.0289
                    Episode_Reward/pose: 0.0087
            Episode_Reward/body_ang_vel: -0.0242
        Episode_Reward/angular_momentum: -0.0000
          Episode_Reward/dof_pos_limits: -0.0007
          Episode_Reward/action_rate_l2: -0.0936
                Episode_Reward/air_time: 0.0119
          Episode_Reward/foot_clearance: -0.0004
       Episode_Reward/foot_swing_height: -0.0018
               Episode_Reward/foot_slip: -0.0001
         Episode_Reward/self_collisions: -0.0006
      Episode_Reward/head_pose_tracking: 0.0588
      Episode_Reward/body_pose_tracking: 0.0000
          Episode_Reward/head_pose_bias: 0.0000
        Episode_Metrics/mean_action_acc: 1.8526
          Curriculum/action_rate_weight: -0.1000
               Curriculum/standing_envs: 0.0200
             Curriculum/head_pose_range: 0.0700
             Curriculum/body_pose_range: 0.0500
                   Curriculum/com_range: 0.0030
              Curriculum/head_com_range: 0.0030
       Curriculum/head_pose_bias_weight: 0.0000
             Metrics/twist/error_vel_xy: 0.0311
            Metrics/twist/error_vel_yaw: 0.1813
           Episode_Termination/time_out: 0.0000
          Episode_Termination/fell_over: 15.0000
Episode_Termination/out_of_terrain_bounds: 0.0000
          Episode_Termination/nan_state: 0.0000
          Metrics/angular_momentum_mean: 0.0117
                  Metrics/air_time_mean: 0.0651
               Metrics/peak_height_mean: 0.0108
             Metrics/slip_velocity_mean: 0.1059
--------------------------------------------------------------------------------
                         Iteration time: 13.13s
                           Time elapsed: 00:01:31
                                    ETA: 00:09:21

################################################################################
[1m                            Learning iteration 7/50                             [0m 

                               Run name: velocity
                            Total steps: 98304 
                       Steps per second: 935 
                        Collection time: 12.870s 
                          Learning time: 0.258s 
                        Mean value loss: 0.0393
                    Mean surrogate loss: -0.0137
                      Mean entropy loss: 19.5991
                            Mean reward: 0.35
                    Mean episode length: 33.97
                        Mean action std: 0.98
   Episode_Reward/track_linear_velocity: 0.0244
  Episode_Reward/track_angular_velocity: 0.0020
                 Episode_Reward/upright: 0.0281
                    Episode_Reward/pose: 0.0085
            Episode_Reward/body_ang_vel: -0.0229
        Episode_Reward/angular_momentum: -0.0000
          Episode_Reward/dof_pos_limits: -0.0006
          Episode_Reward/action_rate_l2: -0.0888
                Episode_Reward/air_time: 0.0131
          Episode_Reward/foot_clearance: -0.0004
       Episode_Reward/foot_swing_height: -0.0018
               Episode_Reward/foot_slip: -0.0001
         Episode_Reward/self_collisions: -0.0005
      Episode_Reward/head_pose_tracking: 0.0568
      Episode_Reward/body_pose_tracking: 0.0000
          Episode_Reward/head_pose_bias: 0.0000
        Episode_Metrics/mean_action_acc: 1.8436
          Curriculum/action_rate_weight: -0.1000
               Curriculum/standing_envs: 0.0200
             Curriculum/head_pose_range: 0.0700
             Curriculum/body_pose_range: 0.0500
                   Curriculum/com_range: 0.0030
              Curriculum/head_com_range: 0.0030
       Curriculum/head_pose_bias_weight: 0.0000
             Metrics/twist/error_vel_xy: 0.0304
            Metrics/twist/error_vel_yaw: 0.1743
           Episode_Termination/time_out: 0.0000
          Episode_Termination/fell_over: 14.7917
Episode_Termination/out_of_terrain_bounds: 0.0000
          Episode_Termination/nan_state: 0.0000
          Metrics/angular_momentum_mean: 0.0114
                  Metrics/air_time_mean: 0.0663
               Metrics/peak_height_mean: 0.0112
             Metrics/slip_velocity_mean: 0.1032
--------------------------------------------------------------------------------
                         Iteration time: 13.13s
                           Time elapsed: 00:01:44
                                    ETA: 00:09:08

################################################################################
[1m                            Learning iteration 8/50                             [0m 

                               Run name: velocity
                            Total steps: 110592 
                       Steps per second: 937 
                        Collection time: 12.866s 
                          Learning time: 0.243s 
                        Mean value loss: 0.0408
                    Mean surrogate loss: -0.0148
                      Mean entropy loss: 19.5553
                            Mean reward: 0.47
                    Mean episode length: 36.93
                        Mean action std: 0.98
   Episode_Reward/track_linear_velocity: 0.0254
  Episode_Reward/track_angular_velocity: 0.0020
                 Episode_Reward/upright: 0.0305
                    Episode_Reward/pose: 0.0087
            Episode_Reward/body_ang_vel: -0.0237
        Episode_Reward/angular_momentum: -0.0000
          Episode_Reward/dof_pos_limits: -0.0007
          Episode_Reward/action_rate_l2: -0.0919
                Episode_Reward/air_time: 0.0134
          Episode_Reward/foot_clearance: -0.0004
       Episode_Reward/foot_swing_height: -0.0019
               Episode_Reward/foot_slip: -0.0001
         Episode_Reward/self_collisions: -0.0008
      Episode_Reward/head_pose_tracking: 0.0596
      Episode_Reward/body_pose_tracking: 0.0000
          Episode_Reward/head_pose_bias: 0.0000
        Episode_Metrics/mean_action_acc: 1.8345
          Curriculum/action_rate_weight: -0.1000
               Curriculum/standing_envs: 0.0200
             Curriculum/head_pose_range: 0.0700
             Curriculum/body_pose_range: 0.0500
                   Curriculum/com_range: 0.0030
              Curriculum/head_com_range: 0.0030
       Curriculum/head_pose_bias_weight: 0.0000
             Metrics/twist/error_vel_xy: 0.0322
            Metrics/twist/error_vel_yaw: 0.1805
           Episode_Termination/time_out: 0.0000
          Episode_Termination/fell_over: 15.1250
Episode_Termination/out_of_terrain_bounds: 0.0000
          Episode_Termination/nan_state: 0.0000
          Metrics/angular_momentum_mean: 0.0118
                  Metrics/air_time_mean: 0.0632
               Metrics/peak_height_mean: 0.0112
             Metrics/slip_velocity_mean: 0.1031
--------------------------------------------------------------------------------
                         Iteration time: 13.11s
                           Time elapsed: 00:01:57
                                    ETA: 00:08:55

################################################################################
[1m                            Learning iteration 9/50                             [0m 

                               Run name: velocity
                            Total steps: 122880 
                       Steps per second: 936 
                        Collection time: 12.870s 
                          Learning time: 0.255s 
                        Mean value loss: 0.0410
                    Mean surrogate loss: -0.0130
                      Mean entropy loss: 19.5185
                            Mean reward: 0.48
                    Mean episode length: 35.99
                        Mean action std: 0.97
   Episode_Reward/track_linear_velocity: 0.0263
  Episode_Reward/track_angular_velocity: 0.0019
                 Episode_Reward/upright: 0.0296
                    Episode_Reward/pose: 0.0087
            Episode_Reward/body_ang_vel: -0.0237
        Episode_Reward/angular_momentum: -0.0000
          Episode_Reward/dof_pos_limits: -0.0007
          Episode_Reward/action_rate_l2: -0.0914
                Episode_Reward/air_time: 0.0139
          Episode_Reward/foot_clearance: -0.0004
       Episode_Reward/foot_swing_height: -0.0019
               Episode_Reward/foot_slip: -0.0001
         Episode_Reward/self_collisions: -0.0006
      Episode_Reward/head_pose_tracking: 0.0601
      Episode_Reward/body_pose_tracking: 0.0000
          Episode_Reward/head_pose_bias: 0.0000
        Episode_Metrics/mean_action_acc: 1.8185
          Curriculum/action_rate_weight: -0.1000
               Curriculum/standing_envs: 0.0200
             Curriculum/head_pose_range: 0.0700
             Curriculum/body_pose_range: 0.0500
                   Curriculum/com_range: 0.0030
              Curriculum/head_com_range: 0.0030
       Curriculum/head_pose_bias_weight: 0.0000
             Metrics/twist/error_vel_xy: 0.0317
            Metrics/twist/error_vel_yaw: 0.1848
           Episode_Termination/time_out: 0.0000
          Episode_Termination/fell_over: 13.5000
Episode_Termination/out_of_terrain_bounds: 0.0000
          Episode_Termination/nan_state: 0.0000
          Metrics/angular_momentum_mean: 0.0118
                  Metrics/air_time_mean: 0.0708
               Metrics/peak_height_mean: 0.0116
             Metrics/slip_velocity_mean: 0.1048
--------------------------------------------------------------------------------
                         Iteration time: 13.13s
                           Time elapsed: 00:02:10
                                    ETA: 00:08:42

################################################################################
[1m                            Learning iteration 10/50                            [0m 

                               Run name: velocity
                            Total steps: 135168 
                       Steps per second: 935 
                        Collection time: 12.850s 
                          Learning time: 0.292s 
                        Mean value loss: 0.0387
                    Mean surrogate loss: -0.0149
                      Mean entropy loss: 19.4676
                            Mean reward: 0.51
                    Mean episode length: 36.60
                        Mean action std: 0.97
   Episode_Reward/track_linear_velocity: 0.0266
  Episode_Reward/track_angular_velocity: 0.0021
                 Episode_Reward/upright: 0.0304
                    Episode_Reward/pose: 0.0089
            Episode_Reward/body_ang_vel: -0.0240
        Episode_Reward/angular_momentum: -0.0000
          Episode_Reward/dof_pos_limits: -0.0007
          Episode_Reward/action_rate_l2: -0.0928
                Episode_Reward/air_time: 0.0148
          Episode_Reward/foot_clearance: -0.0004
       Episode_Reward/foot_swing_height: -0.0019
               Episode_Reward/foot_slip: -0.0001
         Episode_Reward/self_collisions: -0.0006
      Episode_Reward/head_pose_tracking: 0.0610
      Episode_Reward/body_pose_tracking: 0.0000
          Episode_Reward/head_pose_bias: 0.0000
        Episode_Metrics/mean_action_acc: 1.8125
          Curriculum/action_rate_weight: -0.1000
               Curriculum/standing_envs: 0.0200
             Curriculum/head_pose_range: 0.0700
             Curriculum/body_pose_range: 0.0500
                   Curriculum/com_range: 0.0030
              Curriculum/head_com_range: 0.0030
       Curriculum/head_pose_bias_weight: 0.0000
             Metrics/twist/error_vel_xy: 0.0328
            Metrics/twist/error_vel_yaw: 0.1872
           Episode_Termination/time_out: 0.0000
          Episode_Termination/fell_over: 14.2917
Episode_Termination/out_of_terrain_bounds: 0.0000
          Episode_Termination/nan_state: 0.0000
          Metrics/angular_momentum_mean: 0.0119
                  Metrics/air_time_mean: 0.0664
               Metrics/peak_height_mean: 0.0116
             Metrics/slip_velocity_mean: 0.1079
--------------------------------------------------------------------------------
                         Iteration time: 13.14s
                           Time elapsed: 00:02:23
                                    ETA: 00:08:30

################################################################################
[1m                            Learning iteration 11/50                            [0m 

                               Run name: velocity
                            Total steps: 147456 
                       Steps per second: 938 
                        Collection time: 12.846s 
                          Learning time: 0.250s 
                        Mean value loss: 0.0399
                    Mean surrogate loss: -0.0136
                      Mean entropy loss: 19.4252
                            Mean reward: 0.48
                    Mean episode length: 35.30
                        Mean action std: 0.97
   Episode_Reward/track_linear_velocity: 0.0257
  Episode_Reward/track_angular_velocity: 0.0019
                 Episode_Reward/upright: 0.0304
                    Episode_Reward/pose: 0.0089
            Episode_Reward/body_ang_vel: -0.0236
        Episode_Reward/angular_momentum: -0.0000
          Episode_Reward/dof_pos_limits: -0.0006
          Episode_Reward/action_rate_l2: -0.0883
                Episode_Reward/air_time: 0.0127
          Episode_Reward/foot_clearance: -0.0004
       Episode_Reward/foot_swing_height: -0.0020
               Episode_Reward/foot_slip: -0.0001
         Episode_Reward/self_collisions: -0.0006
      Episode_Reward/head_pose_tracking: 0.0594
      Episode_Reward/body_pose_tracking: 0.0000
          Episode_Reward/head_pose_bias: 0.0000
        Episode_Metrics/mean_action_acc: 1.8009
          Curriculum/action_rate_weight: -0.1000
               Curriculum/standing_envs: 0.0200
             Curriculum/head_pose_range: 0.0700
             Curriculum/body_pose_range: 0.0500
                   Curriculum/com_range: 0.0030
              Curriculum/head_com_range: 0.0030
       Curriculum/head_pose_bias_weight: 0.0000
             Metrics/twist/error_vel_xy: 0.0316
            Metrics/twist/error_vel_yaw: 0.1831
           Episode_Termination/time_out: 0.0000
          Episode_Termination/fell_over: 14.7083
Episode_Termination/out_of_terrain_bounds: 0.0000
          Episode_Termination/nan_state: 0.0000
          Metrics/angular_momentum_mean: 0.0121
                  Metrics/air_time_mean: 0.0650
               Metrics/peak_height_mean: 0.0119
             Metrics/slip_velocity_mean: 0.1050
--------------------------------------------------------------------------------
                         Iteration time: 13.10s
                           Time elapsed: 00:02:36
                                    ETA: 00:08:17

################################################################################
[1m                            Learning iteration 12/50                            [0m 

                               Run name: velocity
                            Total steps: 159744 
                       Steps per second: 937 
                        Collection time: 12.819s 
                          Learning time: 0.286s 
                        Mean value loss: 0.0413
                    Mean surrogate loss: -0.0156
                      Mean entropy loss: 19.3833
                            Mean reward: 0.53
                    Mean episode length: 35.75
                        Mean action std: 0.96
   Episode_Reward/track_linear_velocity: 0.0265
  Episode_Reward/track_angular_velocity: 0.0022
                 Episode_Reward/upright: 0.0313
                    Episode_Reward/pose: 0.0094
            Episode_Reward/body_ang_vel: -0.0239
        Episode_Reward/angular_momentum: -0.0000
          Episode_Reward/dof_pos_limits: -0.0006
          Episode_Reward/action_rate_l2: -0.0906
                Episode_Reward/air_time: 0.0137
          Episode_Reward/foot_clearance: -0.0004
       Episode_Reward/foot_swing_height: -0.0020
               Episode_Reward/foot_slip: -0.0001
         Episode_Reward/self_collisions: -0.0006
      Episode_Reward/head_pose_tracking: 0.0608
      Episode_Reward/body_pose_tracking: 0.0000
          Episode_Reward/head_pose_bias: 0.0000
        Episode_Metrics/mean_action_acc: 1.7928
          Curriculum/action_rate_weight: -0.1000
               Curriculum/standing_envs: 0.0200
             Curriculum/head_pose_range: 0.0700
             Curriculum/body_pose_range: 0.0500
                   Curriculum/com_range: 0.0030
              Curriculum/head_com_range: 0.0030
       Curriculum/head_pose_bias_weight: 0.0000
             Metrics/twist/error_vel_xy: 0.0324
            Metrics/twist/error_vel_yaw: 0.1826
           Episode_Termination/time_out: 0.0000
          Episode_Termination/fell_over: 13.5417
Episode_Termination/out_of_terrain_bounds: 0.0000
          Episode_Termination/nan_state: 0.0000
          Metrics/angular_momentum_mean: 0.0118
                  Metrics/air_time_mean: 0.0672
               Metrics/peak_height_mean: 0.0119
             Metrics/slip_velocity_mean: 0.1068
--------------------------------------------------------------------------------
                         Iteration time: 13.11s
                           Time elapsed: 00:02:50
                                    ETA: 00:08:04

################################################################################
[1m                            Learning iteration 13/50                            [0m 

                               Run name: velocity
                            Total steps: 172032 
                       Steps per second: 939 
                        Collection time: 12.840s 
                          Learning time: 0.246s 
                        Mean value loss: 0.0410
                    Mean surrogate loss: -0.0139
                      Mean entropy loss: 19.3462
                            Mean reward: 0.60
                    Mean episode length: 37.94
                        Mean action std: 0.96
   Episode_Reward/track_linear_velocity: 0.0261
  Episode_Reward/track_angular_velocity: 0.0021
                 Episode_Reward/upright: 0.0318
                    Episode_Reward/pose: 0.0097
            Episode_Reward/body_ang_vel: -0.0234
        Episode_Reward/angular_momentum: -0.0000
          Episode_Reward/dof_pos_limits: -0.0006
          Episode_Reward/action_rate_l2: -0.0914
                Episode_Reward/air_time: 0.0141
          Episode_Reward/foot_clearance: -0.0004
       Episode_Reward/foot_swing_height: -0.0021
               Episode_Reward/foot_slip: -0.0001
         Episode_Reward/self_collisions: -0.0005
      Episode_Reward/head_pose_tracking: 0.0617
      Episode_Reward/body_pose_tracking: 0.0000
          Episode_Reward/head_pose_bias: 0.0000
        Episode_Metrics/mean_action_acc: 1.7963
          Curriculum/action_rate_weight: -0.1000
               Curriculum/standing_envs: 0.0200
             Curriculum/head_pose_range: 0.0700
             Curriculum/body_pose_range: 0.0500
                   Curriculum/com_range: 0.0030
              Curriculum/head_com_range: 0.0030
       Curriculum/head_pose_bias_weight: 0.0000
             Metrics/twist/error_vel_xy: 0.0331
            Metrics/twist/error_vel_yaw: 0.1883
           Episode_Termination/time_out: 0.0000
          Episode_Termination/fell_over: 14.2083
Episode_Termination/out_of_terrain_bounds: 0.0000
          Episode_Termination/nan_state: 0.0000
          Metrics/angular_momentum_mean: 0.0115
                  Metrics/air_time_mean: 0.0674
               Metrics/peak_height_mean: 0.0120
             Metrics/slip_velocity_mean: 0.1070
--------------------------------------------------------------------------------
                         Iteration time: 13.09s
                           Time elapsed: 00:03:03
                                    ETA: 00:07:50

################################################################################
[1m                            Learning iteration 14/50                            [0m 

                               Run name: velocity
                            Total steps: 184320 
                       Steps per second: 934 
                        Collection time: 12.869s 
                          Learning time: 0.278s 
                        Mean value loss: 0.0433
                    Mean surrogate loss: -0.0152
                      Mean entropy loss: 19.3069
                            Mean reward: 0.58
                    Mean episode length: 36.50
                        Mean action std: 0.96
   Episode_Reward/track_linear_velocity: 0.0268
  Episode_Reward/track_angular_velocity: 0.0021
                 Episode_Reward/upright: 0.0321
                    Episode_Reward/pose: 0.0098
            Episode_Reward/body_ang_vel: -0.0230
        Episode_Reward/angular_momentum: -0.0000
          Episode_Reward/dof_pos_limits: -0.0006
          Episode_Reward/action_rate_l2: -0.0911
                Episode_Reward/air_time: 0.0140
          Episode_Reward/foot_clearance: -0.0004
       Episode_Reward/foot_swing_height: -0.0021
               Episode_Reward/foot_slip: -0.0001
         Episode_Reward/self_collisions: -0.0007
      Episode_Reward/head_pose_tracking: 0.0625
      Episode_Reward/body_pose_tracking: 0.0000
          Episode_Reward/head_pose_bias: 0.0000
        Episode_Metrics/mean_action_acc: 1.7787
          Curriculum/action_rate_weight: -0.1000
               Curriculum/standing_envs: 0.0200
             Curriculum/head_pose_range: 0.0700
             Curriculum/body_pose_range: 0.0500
                   Curriculum/com_range: 0.0030
              Curriculum/head_com_range: 0.0030
       Curriculum/head_pose_bias_weight: 0.0000
             Metrics/twist/error_vel_xy: 0.0337
            Metrics/twist/error_vel_yaw: 0.1801
           Episode_Termination/time_out: 0.0000
          Episode_Termination/fell_over: 13.1667
Episode_Termination/out_of_terrain_bounds: 0.0000
          Episode_Termination/nan_state: 0.0000
          Metrics/angular_momentum_mean: 0.0119
                  Metrics/air_time_mean: 0.0697
               Metrics/peak_height_mean: 0.0125
             Metrics/slip_velocity_mean: 0.1080
--------------------------------------------------------------------------------
                         Iteration time: 13.15s
                           Time elapsed: 00:03:16
                                    ETA: 00:07:38

################################################################################
[1m                            Learning iteration 15/50                            [0m 

                               Run name: velocity
                            Total steps: 196608 
                       Steps per second: 938 
                        Collection time: 12.848s 
                          Learning time: 0.249s 
                        Mean value loss: 0.0391
                    Mean surrogate loss: -0.0136
                      Mean entropy loss: 19.2703
                            Mean reward: 0.71
                    Mean episode length: 39.10
                        Mean action std: 0.96
   Episode_Reward/track_linear_velocity: 0.0273
  Episode_Reward/track_angular_velocity: 0.0022
                 Episode_Reward/upright: 0.0339
                    Episode_Reward/pose: 0.0103
            Episode_Reward/body_ang_vel: -0.0234
        Episode_Reward/angular_momentum: -0.0000
          Episode_Reward/dof_pos_limits: -0.0007
          Episode_Reward/action_rate_l2: -0.0939
                Episode_Reward/air_time: 0.0162
          Episode_Reward/foot_clearance: -0.0005
       Episode_Reward/foot_swing_height: -0.0021
               Episode_Reward/foot_slip: -0.0001
         Episode_Reward/self_collisions: -0.0007
      Episode_Reward/head_pose_tracking: 0.0651
      Episode_Reward/body_pose_tracking: 0.0000
          Episode_Reward/head_pose_bias: 0.0000
        Episode_Metrics/mean_action_acc: 1.7761
          Curriculum/action_rate_weight: -0.1000
               Curriculum/standing_envs: 0.0200
             Curriculum/head_pose_range: 0.0700
             Curriculum/body_pose_range: 0.0500
                   Curriculum/com_range: 0.0030
              Curriculum/head_com_range: 0.0030
       Curriculum/head_pose_bias_weight: 0.0000
             Metrics/twist/error_vel_xy: 0.0349
            Metrics/twist/error_vel_yaw: 0.1882
           Episode_Termination/time_out: 0.0000
          Episode_Termination/fell_over: 14.1667
Episode_Termination/out_of_terrain_bounds: 0.0000
          Episode_Termination/nan_state: 0.0000
          Metrics/angular_momentum_mean: 0.0119
                  Metrics/air_time_mean: 0.0714
               Metrics/peak_height_mean: 0.0129
             Metrics/slip_velocity_mean: 0.1087
--------------------------------------------------------------------------------
                         Iteration time: 13.10s
                           Time elapsed: 00:03:29
                                    ETA: 00:07:24

################################################################################
[1m                            Learning iteration 16/50                            [0m 

                               Run name: velocity
                            Total steps: 208896 
                       Steps per second: 938 
                        Collection time: 12.824s 
                          Learning time: 0.273s 
                        Mean value loss: 0.0389
                    Mean surrogate loss: -0.0149
                      Mean entropy loss: 19.2310
                            Mean reward: 0.62
                    Mean episode length: 36.59
                        Mean action std: 0.95
   Episode_Reward/track_linear_velocity: 0.0267
  Episode_Reward/track_angular_velocity: 0.0021
                 Episode_Reward/upright: 0.0319
                    Episode_Reward/pose: 0.0101
            Episode_Reward/body_ang_vel: -0.0234
        Episode_Reward/angular_momentum: -0.0000
          Episode_Reward/dof_pos_limits: -0.0006
          Episode_Reward/action_rate_l2: -0.0909
                Episode_Reward/air_time: 0.0151
          Episode_Reward/foot_clearance: -0.0005
       Episode_Reward/foot_swing_height: -0.0024
               Episode_Reward/foot_slip: -0.0001
         Episode_Reward/self_collisions: -0.0007
      Episode_Reward/head_pose_tracking: 0.0626
      Episode_Reward/body_pose_tracking: 0.0000
          Episode_Reward/head_pose_bias: 0.0000
        Episode_Metrics/mean_action_acc: 1.7834
          Curriculum/action_rate_weight: -0.1000
               Curriculum/standing_envs: 0.0200
             Curriculum/head_pose_range: 0.0700
             Curriculum/body_pose_range: 0.0500
                   Curriculum/com_range: 0.0030
              Curriculum/head_com_range: 0.0030
       Curriculum/head_pose_bias_weight: 0.0000
             Metrics/twist/error_vel_xy: 0.0335
            Metrics/twist/error_vel_yaw: 0.1862
           Episode_Termination/time_out: 0.0000
          Episode_Termination/fell_over: 13.4167
Episode_Termination/out_of_terrain_bounds: 0.0000
          Episode_Termination/nan_state: 0.0000
          Metrics/angular_momentum_mean: 0.0119
                  Metrics/air_time_mean: 0.0724
               Metrics/peak_height_mean: 0.0137
             Metrics/slip_velocity_mean: 0.1105
--------------------------------------------------------------------------------
                         Iteration time: 13.10s
                           Time elapsed: 00:03:42
                                    ETA: 00:07:11

################################################################################
[1m                            Learning iteration 17/50                            [0m 

                               Run name: velocity
                            Total steps: 221184 
                       Steps per second: 940 
                        Collection time: 12.825s 
                          Learning time: 0.247s 
                        Mean value loss: 0.0348
                    Mean surrogate loss: -0.0135
                      Mean entropy loss: 19.1980
                            Mean reward: 0.67
                    Mean episode length: 37.14
                        Mean action std: 0.95
   Episode_Reward/track_linear_velocity: 0.0270
  Episode_Reward/track_angular_velocity: 0.0021
                 Episode_Reward/upright: 0.0338
                    Episode_Reward/pose: 0.0101
            Episode_Reward/body_ang_vel: -0.0234
        Episode_Reward/angular_momentum: -0.0000
          Episode_Reward/dof_pos_limits: -0.0006
          Episode_Reward/action_rate_l2: -0.0927
                Episode_Reward/air_time: 0.0165
          Episode_Reward/foot_clearance: -0.0005
       Episode_Reward/foot_swing_height: -0.0023
               Episode_Reward/foot_slip: -0.0001
         Episode_Reward/self_collisions: -0.0007
      Episode_Reward/head_pose_tracking: 0.0645
      Episode_Reward/body_pose_tracking: 0.0000
          Episode_Reward/head_pose_bias: 0.0000
        Episode_Metrics/mean_action_acc: 1.7681
          Curriculum/action_rate_weight: -0.1000
               Curriculum/standing_envs: 0.0200
             Curriculum/head_pose_range: 0.0700
             Curriculum/body_pose_range: 0.0500
                   Curriculum/com_range: 0.0030
              Curriculum/head_com_range: 0.0030
       Curriculum/head_pose_bias_weight: 0.0000
             Metrics/twist/error_vel_xy: 0.0353
            Metrics/twist/error_vel_yaw: 0.1917
           Episode_Termination/time_out: 0.0000
          Episode_Termination/fell_over: 12.9583
Episode_Termination/out_of_terrain_bounds: 0.0000
          Episode_Termination/nan_state: 0.0000
          Metrics/angular_momentum_mean: 0.0118
                  Metrics/air_time_mean: 0.0706
               Metrics/peak_height_mean: 0.0136
             Metrics/slip_velocity_mean: 0.1114
--------------------------------------------------------------------------------
                         Iteration time: 13.07s
                           Time elapsed: 00:03:55
                                    ETA: 00:06:58

################################################################################
[1m                            Learning iteration 18/50                            [0m 

                               Run name: velocity
                            Total steps: 233472 
                       Steps per second: 941 
                        Collection time: 12.787s 
                          Learning time: 0.265s 
                        Mean value loss: 0.0359
                    Mean surrogate loss: -0.0127
                      Mean entropy loss: 19.1634
                            Mean reward: 0.66
                    Mean episode length: 38.19
                        Mean action std: 0.95
   Episode_Reward/track_linear_velocity: 0.0279
  Episode_Reward/track_angular_velocity: 0.0021
                 Episode_Reward/upright: 0.0348
                    Episode_Reward/pose: 0.0105
            Episode_Reward/body_ang_vel: -0.0236
        Episode_Reward/angular_momentum: -0.0000
          Episode_Reward/dof_pos_limits: -0.0006
          Episode_Reward/action_rate_l2: -0.0951
                Episode_Reward/air_time: 0.0164
          Episode_Reward/foot_clearance: -0.0005
       Episode_Reward/foot_swing_height: -0.0022
               Episode_Reward/foot_slip: -0.0001
         Episode_Reward/self_collisions: -0.0006
      Episode_Reward/head_pose_tracking: 0.0667
      Episode_Reward/body_pose_tracking: 0.0000
          Episode_Reward/head_pose_bias: 0.0000
        Episode_Metrics/mean_action_acc: 1.7712
          Curriculum/action_rate_weight: -0.1000
               Curriculum/standing_envs: 0.0200
             Curriculum/head_pose_range: 0.0700
             Curriculum/body_pose_range: 0.0500
                   Curriculum/com_range: 0.0030
              Curriculum/head_com_range: 0.0030
       Curriculum/head_pose_bias_weight: 0.0000
             Metrics/twist/error_vel_xy: 0.0358
            Metrics/twist/error_vel_yaw: 0.1979
           Episode_Termination/time_out: 0.0000
          Episode_Termination/fell_over: 13.7500
Episode_Termination/out_of_terrain_bounds: 0.0000
          Episode_Termination/nan_state: 0.0000
          Metrics/angular_momentum_mean: 0.0119
                  Metrics/air_time_mean: 0.0735
               Metrics/peak_height_mean: 0.0138
             Metrics/slip_velocity_mean: 0.1122
--------------------------------------------------------------------------------
                         Iteration time: 13.05s
                           Time elapsed: 00:04:08
                                    ETA: 00:06:45

################################################################################
[1m                            Learning iteration 19/50                            [0m 

                               Run name: velocity
                            Total steps: 245760 
                       Steps per second: 944 
                        Collection time: 12.761s 
                          Learning time: 0.247s 
                        Mean value loss: 0.0381
                    Mean surrogate loss: -0.0148
                      Mean entropy loss: 19.1222
                            Mean reward: 0.64
                    Mean episode length: 36.05
                        Mean action std: 0.95
   Episode_Reward/track_linear_velocity: 0.0267
  Episode_Reward/track_angular_velocity: 0.0020
                 Episode_Reward/upright: 0.0326
                    Episode_Reward/pose: 0.0102
            Episode_Reward/body_ang_vel: -0.0234
        Episode_Reward/angular_momentum: -0.0000
          Episode_Reward/dof_pos_limits: -0.0006
          Episode_Reward/action_rate_l2: -0.0898
                Episode_Reward/air_time: 0.0152
          Episode_Reward/foot_clearance: -0.0005
       Episode_Reward/foot_swing_height: -0.0023
               Episode_Reward/foot_slip: -0.0001
         Episode_Reward/self_collisions: -0.0006
      Episode_Reward/head_pose_tracking: 0.0635
      Episode_Reward/body_pose_tracking: 0.0000
          Episode_Reward/head_pose_bias: 0.0000
        Episode_Metrics/mean_action_acc: 1.7597
          Curriculum/action_rate_weight: -0.1000
               Curriculum/standing_envs: 0.0200
             Curriculum/head_pose_range: 0.0700
             Curriculum/body_pose_range: 0.0500
                   Curriculum/com_range: 0.0030
              Curriculum/head_com_range: 0.0030
       Curriculum/head_pose_bias_weight: 0.0000
             Metrics/twist/error_vel_xy: 0.0343
            Metrics/twist/error_vel_yaw: 0.1860
           Episode_Termination/time_out: 0.0000
          Episode_Termination/fell_over: 14.3750
Episode_Termination/out_of_terrain_bounds: 0.0000
          Episode_Termination/nan_state: 0.0000
          Metrics/angular_momentum_mean: 0.0120
                  Metrics/air_time_mean: 0.0715
               Metrics/peak_height_mean: 0.0143
             Metrics/slip_velocity_mean: 0.1110
--------------------------------------------------------------------------------
                         Iteration time: 13.01s
                           Time elapsed: 00:04:21
                                    ETA: 00:06:32

################################################################################
[1m                            Learning iteration 20/50                            [0m 

                               Run name: velocity
                            Total steps: 258048 
                       Steps per second: 942 
                        Collection time: 12.780s 
                          Learning time: 0.259s 
                        Mean value loss: 0.0394
                    Mean surrogate loss: -0.0133
                      Mean entropy loss: 19.0858
                            Mean reward: 0.76
                    Mean episode length: 37.39
                        Mean action std: 0.94
   Episode_Reward/track_linear_velocity: 0.0262
  Episode_Reward/track_angular_velocity: 0.0021
                 Episode_Reward/upright: 0.0330
                    Episode_Reward/pose: 0.0101
            Episode_Reward/body_ang_vel: -0.0228
        Episode_Reward/angular_momentum: -0.0000
          Episode_Reward/dof_pos_limits: -0.0006
          Episode_Reward/action_rate_l2: -0.0886
                Episode_Reward/air_time: 0.0168
          Episode_Reward/foot_clearance: -0.0005
       Episode_Reward/foot_swing_height: -0.0024
               Episode_Reward/foot_slip: -0.0001
         Episode_Reward/self_collisions: -0.0005
      Episode_Reward/head_pose_tracking: 0.0640
      Episode_Reward/body_pose_tracking: 0.0000
          Episode_Reward/head_pose_bias: 0.0000
        Episode_Metrics/mean_action_acc: 1.7493
          Curriculum/action_rate_weight: -0.1000
               Curriculum/standing_envs: 0.0200
             Curriculum/head_pose_range: 0.0700
             Curriculum/body_pose_range: 0.0500
                   Curriculum/com_range: 0.0030
              Curriculum/head_com_range: 0.0030
       Curriculum/head_pose_bias_weight: 0.0000
             Metrics/twist/error_vel_xy: 0.0353
            Metrics/twist/error_vel_yaw: 0.1824
           Episode_Termination/time_out: 0.0000
          Episode_Termination/fell_over: 12.5000
Episode_Termination/out_of_terrain_bounds: 0.0000
          Episode_Termination/nan_state: 0.0000
          Metrics/angular_momentum_mean: 0.0115
                  Metrics/air_time_mean: 0.0696
               Metrics/peak_height_mean: 0.0136
             Metrics/slip_velocity_mean: 0.1114
--------------------------------------------------------------------------------
                         Iteration time: 13.04s
                           Time elapsed: 00:04:34
                                    ETA: 00:06:19

################################################################################
[1m                            Learning iteration 21/50                            [0m 

                               Run name: velocity
                            Total steps: 270336 
                       Steps per second: 941 
                        Collection time: 12.793s 
                          Learning time: 0.254s 
                        Mean value loss: 0.0363
                    Mean surrogate loss: -0.0141
                      Mean entropy loss: 19.0459
                            Mean reward: 0.86
                    Mean episode length: 40.77
                        Mean action std: 0.94
   Episode_Reward/track_linear_velocity: 0.0289
  Episode_Reward/track_angular_velocity: 0.0023
                 Episode_Reward/upright: 0.0362
                    Episode_Reward/pose: 0.0112
            Episode_Reward/body_ang_vel: -0.0233
        Episode_Reward/angular_momentum: -0.0000
          Episode_Reward/dof_pos_limits: -0.0006
          Episode_Reward/action_rate_l2: -0.0955
                Episode_Reward/air_time: 0.0166
          Episode_Reward/foot_clearance: -0.0005
       Episode_Reward/foot_swing_height: -0.0026
               Episode_Reward/foot_slip: -0.0001
         Episode_Reward/self_collisions: -0.0006
      Episode_Reward/head_pose_tracking: 0.0680
      Episode_Reward/body_pose_tracking: 0.0000
          Episode_Reward/head_pose_bias: 0.0000
        Episode_Metrics/mean_action_acc: 1.7565
          Curriculum/action_rate_weight: -0.1000
               Curriculum/standing_envs: 0.0200
             Curriculum/head_pose_range: 0.0700
             Curriculum/body_pose_range: 0.0500
                   Curriculum/com_range: 0.0030
              Curriculum/head_com_range: 0.0030
       Curriculum/head_pose_bias_weight: 0.0000
             Metrics/twist/error_vel_xy: 0.0359
            Metrics/twist/error_vel_yaw: 0.1965
           Episode_Termination/time_out: 0.0000
          Episode_Termination/fell_over: 12.7500
Episode_Termination/out_of_terrain_bounds: 0.0000
          Episode_Termination/nan_state: 0.0000
          Metrics/angular_momentum_mean: 0.0114
                  Metrics/air_time_mean: 0.0719
               Metrics/peak_height_mean: 0.0146
             Metrics/slip_velocity_mean: 0.1100
--------------------------------------------------------------------------------
                         Iteration time: 13.05s
                           Time elapsed: 00:04:47
                                    ETA: 00:06:06

################################################################################
[1m                            Learning iteration 22/50                            [0m 

                               Run name: velocity
                            Total steps: 282624 
                       Steps per second: 941 
                        Collection time: 12.791s 
                          Learning time: 0.259s 
                        Mean value loss: 0.0381
                    Mean surrogate loss: -0.0128
                      Mean entropy loss: 19.0110
                            Mean reward: 0.82
                    Mean episode length: 39.09
                        Mean action std: 0.94
   Episode_Reward/track_linear_velocity: 0.0283
  Episode_Reward/track_angular_velocity: 0.0023
                 Episode_Reward/upright: 0.0354
                    Episode_Reward/pose: 0.0110
            Episode_Reward/body_ang_vel: -0.0230
        Episode_Reward/angular_momentum: -0.0000
          Episode_Reward/dof_pos_limits: -0.0005
          Episode_Reward/action_rate_l2: -0.0927
                Episode_Reward/air_time: 0.0170
          Episode_Reward/foot_clearance: -0.0006
       Episode_Reward/foot_swing_height: -0.0024
               Episode_Reward/foot_slip: -0.0001
         Episode_Reward/self_collisions: -0.0004
      Episode_Reward/head_pose_tracking: 0.0669
      Episode_Reward/body_pose_tracking: 0.0000
          Episode_Reward/head_pose_bias: 0.0000
        Episode_Metrics/mean_action_acc: 1.7470
          Curriculum/action_rate_weight: -0.1000
               Curriculum/standing_envs: 0.0200
             Curriculum/head_pose_range: 0.0700
             Curriculum/body_pose_range: 0.0500
                   Curriculum/com_range: 0.0030
              Curriculum/head_com_range: 0.0030
       Curriculum/head_pose_bias_weight: 0.0000
             Metrics/twist/error_vel_xy: 0.0353
            Metrics/twist/error_vel_yaw: 0.1930
           Episode_Termination/time_out: 0.0000
          Episode_Termination/fell_over: 14.0833
Episode_Termination/out_of_terrain_bounds: 0.0000
          Episode_Termination/nan_state: 0.0000
          Metrics/angular_momentum_mean: 0.0115
                  Metrics/air_time_mean: 0.0744
               Metrics/peak_height_mean: 0.0151
             Metrics/slip_velocity_mean: 0.1134
--------------------------------------------------------------------------------
                         Iteration time: 13.05s
                           Time elapsed: 00:05:00
                                    ETA: 00:05:53

################################################################################
[1m                            Learning iteration 23/50                            [0m 

                               Run name: velocity
                            Total steps: 294912 
                       Steps per second: 942 
                        Collection time: 12.773s 
                          Learning time: 0.267s 
                        Mean value loss: 0.0381
                    Mean surrogate loss: -0.0139
                      Mean entropy loss: 18.9762
                            Mean reward: 0.74
                    Mean episode length: 39.28
                        Mean action std: 0.94
   Episode_Reward/track_linear_velocity: 0.0277
  Episode_Reward/track_angular_velocity: 0.0022
                 Episode_Reward/upright: 0.0361
                    Episode_Reward/pose: 0.0108
            Episode_Reward/body_ang_vel: -0.0234
        Episode_Reward/angular_momentum: -0.0000
          Episode_Reward/dof_pos_limits: -0.0006
          Episode_Reward/action_rate_l2: -0.0927
                Episode_Reward/air_time: 0.0174
          Episode_Reward/foot_clearance: -0.0005
       Episode_Reward/foot_swing_height: -0.0026
               Episode_Reward/foot_slip: -0.0001
         Episode_Reward/self_collisions: -0.0006
      Episode_Reward/head_pose_tracking: 0.0676
      Episode_Reward/body_pose_tracking: 0.0000
          Episode_Reward/head_pose_bias: 0.0000
        Episode_Metrics/mean_action_acc: 1.7340
          Curriculum/action_rate_weight: -0.1000
               Curriculum/standing_envs: 0.0200
             Curriculum/head_pose_range: 0.0700
             Curriculum/body_pose_range: 0.0500
                   Curriculum/com_range: 0.0030
              Curriculum/head_com_range: 0.0030
       Curriculum/head_pose_bias_weight: 0.0000
             Metrics/twist/error_vel_xy: 0.0361
            Metrics/twist/error_vel_yaw: 0.1930
           Episode_Termination/time_out: 0.0000
          Episode_Termination/fell_over: 12.6667
Episode_Termination/out_of_terrain_bounds: 0.0000
          Episode_Termination/nan_state: 0.0000
          Metrics/angular_momentum_mean: 0.0116
                  Metrics/air_time_mean: 0.0773
               Metrics/peak_height_mean: 0.0147
             Metrics/slip_velocity_mean: 0.1121
--------------------------------------------------------------------------------
                         Iteration time: 13.04s
                           Time elapsed: 00:05:13
                                    ETA: 00:05:39

################################################################################
[1m                            Learning iteration 24/50                            [0m 

                               Run name: velocity
                            Total steps: 307200 
                       Steps per second: 940 
                        Collection time: 12.822s 
                          Learning time: 0.250s 
                        Mean value loss: 0.0345
                    Mean surrogate loss: -0.0138
                      Mean entropy loss: 18.9417
                            Mean reward: 0.87
                    Mean episode length: 38.88
                        Mean action std: 0.94
   Episode_Reward/track_linear_velocity: 0.0301
  Episode_Reward/track_angular_velocity: 0.0023
                 Episode_Reward/upright: 0.0364
                    Episode_Reward/pose: 0.0111
            Episode_Reward/body_ang_vel: -0.0239
        Episode_Reward/angular_momentum: -0.0000
          Episode_Reward/dof_pos_limits: -0.0006
          Episode_Reward/action_rate_l2: -0.0942
                Episode_Reward/air_time: 0.0183
          Episode_Reward/foot_clearance: -0.0006
       Episode_Reward/foot_swing_height: -0.0027
               Episode_Reward/foot_slip: -0.0001
         Episode_Reward/self_collisions: -0.0006
      Episode_Reward/head_pose_tracking: 0.0689
      Episode_Reward/body_pose_tracking: 0.0000
          Episode_Reward/head_pose_bias: 0.0000
        Episode_Metrics/mean_action_acc: 1.7339
          Curriculum/action_rate_weight: -0.1000
               Curriculum/standing_envs: 0.0200
             Curriculum/head_pose_range: 0.0700
             Curriculum/body_pose_range: 0.0500
                   Curriculum/com_range: 0.0030
              Curriculum/head_com_range: 0.0030
       Curriculum/head_pose_bias_weight: 0.0000
             Metrics/twist/error_vel_xy: 0.0354
            Metrics/twist/error_vel_yaw: 0.2019
           Episode_Termination/time_out: 0.0000
          Episode_Termination/fell_over: 13.3750
Episode_Termination/out_of_terrain_bounds: 0.0000
          Episode_Termination/nan_state: 0.0000
          Metrics/angular_momentum_mean: 0.0116
                  Metrics/air_time_mean: 0.0745
               Metrics/peak_height_mean: 0.0150
             Metrics/slip_velocity_mean: 0.1159
--------------------------------------------------------------------------------
                         Iteration time: 13.07s
                           Time elapsed: 00:05:26
                                    ETA: 00:05:26

################################################################################
[1m                            Learning iteration 25/50                            [0m 

                               Run name: velocity
                            Total steps: 319488 
                       Steps per second: 944 
                        Collection time: 12.737s 
                          Learning time: 0.278s 
                        Mean value loss: 0.0370
                    Mean surrogate loss: -0.0136
                      Mean entropy loss: 18.9089
                            Mean reward: 0.84
                    Mean episode length: 38.29
                        Mean action std: 0.93
   Episode_Reward/track_linear_velocity: 0.0290
  Episode_Reward/track_angular_velocity: 0.0022
                 Episode_Reward/upright: 0.0349
                    Episode_Reward/pose: 0.0107
            Episode_Reward/body_ang_vel: -0.0236
        Episode_Reward/angular_momentum: -0.0000
          Episode_Reward/dof_pos_limits: -0.0006
          Episode_Reward/action_rate_l2: -0.0914
                Episode_Reward/air_time: 0.0182
          Episode_Reward/foot_clearance: -0.0006
       Episode_Reward/foot_swing_height: -0.0025
               Episode_Reward/foot_slip: -0.0001
         Episode_Reward/self_collisions: -0.0005
      Episode_Reward/head_pose_tracking: 0.0665
      Episode_Reward/body_pose_tracking: 0.0000
          Episode_Reward/head_pose_bias: 0.0000
        Episode_Metrics/mean_action_acc: 1.7396
          Curriculum/action_rate_weight: -0.1000
               Curriculum/standing_envs: 0.0200
             Curriculum/head_pose_range: 0.0700
             Curriculum/body_pose_range: 0.0500
                   Curriculum/com_range: 0.0030
              Curriculum/head_com_range: 0.0030
       Curriculum/head_pose_bias_weight: 0.0000
             Metrics/twist/error_vel_xy: 0.0340
            Metrics/twist/error_vel_yaw: 0.1875
           Episode_Termination/time_out: 0.0000
          Episode_Termination/fell_over: 13.2500
Episode_Termination/out_of_terrain_bounds: 0.0000
          Episode_Termination/nan_state: 0.0000
          Metrics/angular_momentum_mean: 0.0117
                  Metrics/air_time_mean: 0.0769
               Metrics/peak_height_mean: 0.0152
             Metrics/slip_velocity_mean: 0.1124
--------------------------------------------------------------------------------
                         Iteration time: 13.02s
                           Time elapsed: 00:05:39
                                    ETA: 00:05:13

################################################################################
[1m                            Learning iteration 26/50                            [0m 

                               Run name: velocity
                            Total steps: 331776 
                       Steps per second: 940 
                        Collection time: 12.816s 
                          Learning time: 0.254s 
                        Mean value loss: 0.0373
                    Mean surrogate loss: -0.0137
                      Mean entropy loss: 18.8771
                            Mean reward: 0.90
                    Mean episode length: 39.98
                        Mean action std: 0.93
   Episode_Reward/track_linear_velocity: 0.0282
  Episode_Reward/track_angular_velocity: 0.0023
                 Episode_Reward/upright: 0.0364
                    Episode_Reward/pose: 0.0114
            Episode_Reward/body_ang_vel: -0.0233
        Episode_Reward/angular_momentum: -0.0000
          Episode_Reward/dof_pos_limits: -0.0007
          Episode_Reward/action_rate_l2: -0.0914
                Episode_Reward/air_time: 0.0177
          Episode_Reward/foot_clearance: -0.0006
       Episode_Reward/foot_swing_height: -0.0028
               Episode_Reward/foot_slip: -0.0001
         Episode_Reward/self_collisions: -0.0005
      Episode_Reward/head_pose_tracking: 0.0677
      Episode_Reward/body_pose_tracking: 0.0000
          Episode_Reward/head_pose_bias: 0.0000
        Episode_Metrics/mean_action_acc: 1.7195
          Curriculum/action_rate_weight: -0.1000
               Curriculum/standing_envs: 0.0200
             Curriculum/head_pose_range: 0.0700
             Curriculum/body_pose_range: 0.0500
                   Curriculum/com_range: 0.0030
              Curriculum/head_com_range: 0.0030
       Curriculum/head_pose_bias_weight: 0.0000
             Metrics/twist/error_vel_xy: 0.0357
            Metrics/twist/error_vel_yaw: 0.1954
           Episode_Termination/time_out: 0.0000
          Episode_Termination/fell_over: 12.6667
Episode_Termination/out_of_terrain_bounds: 0.0000
          Episode_Termination/nan_state: 0.0000
          Metrics/angular_momentum_mean: 0.0114
                  Metrics/air_time_mean: 0.0756
               Metrics/peak_height_mean: 0.0149
             Metrics/slip_velocity_mean: 0.1151
--------------------------------------------------------------------------------
                         Iteration time: 13.07s
                           Time elapsed: 00:05:52
                                    ETA: 00:05:00

################################################################################
[1m                            Learning iteration 27/50                            [0m 

                               Run name: velocity
                            Total steps: 344064 
                       Steps per second: 943 
                        Collection time: 12.742s 
                          Learning time: 0.282s 
                        Mean value loss: 0.0335
                    Mean surrogate loss: -0.0134
                      Mean entropy loss: 18.8422
                            Mean reward: 1.00
                    Mean episode length: 41.20
                        Mean action std: 0.93
   Episode_Reward/track_linear_velocity: 0.0302
  Episode_Reward/track_angular_velocity: 0.0024
                 Episode_Reward/upright: 0.0371
                    Episode_Reward/pose: 0.0113
            Episode_Reward/body_ang_vel: -0.0231
        Episode_Reward/angular_momentum: -0.0000
          Episode_Reward/dof_pos_limits: -0.0006
          Episode_Reward/action_rate_l2: -0.0942
                Episode_Reward/air_time: 0.0184
          Episode_Reward/foot_clearance: -0.0006
       Episode_Reward/foot_swing_height: -0.0029
               Episode_Reward/foot_slip: -0.0001
         Episode_Reward/self_collisions: -0.0006
      Episode_Reward/head_pose_tracking: 0.0697
      Episode_Reward/body_pose_tracking: 0.0000
          Episode_Reward/head_pose_bias: 0.0000
        Episode_Metrics/mean_action_acc: 1.7236
          Curriculum/action_rate_weight: -0.1000
               Curriculum/standing_envs: 0.0200
             Curriculum/head_pose_range: 0.0700
             Curriculum/body_pose_range: 0.0500
                   Curriculum/com_range: 0.0030
              Curriculum/head_com_range: 0.0030
       Curriculum/head_pose_bias_weight: 0.0000
             Metrics/twist/error_vel_xy: 0.0362
            Metrics/twist/error_vel_yaw: 0.2007
           Episode_Termination/time_out: 0.0000
          Episode_Termination/fell_over: 12.7500
Episode_Termination/out_of_terrain_bounds: 0.0000
          Episode_Termination/nan_state: 0.0000
          Metrics/angular_momentum_mean: 0.0112
                  Metrics/air_time_mean: 0.0768
               Metrics/peak_height_mean: 0.0147
             Metrics/slip_velocity_mean: 0.1145
--------------------------------------------------------------------------------
                         Iteration time: 13.02s
                           Time elapsed: 00:06:05
                                    ETA: 00:04:47

################################################################################
[1m                            Learning iteration 28/50                            [0m 

                               Run name: velocity
                            Total steps: 356352 
                       Steps per second: 945 
                        Collection time: 12.753s 
                          Learning time: 0.246s 
                        Mean value loss: 0.0350
                    Mean surrogate loss: -0.0138
                      Mean entropy loss: 18.8119
                            Mean reward: 0.93
                    Mean episode length: 40.48
                        Mean action std: 0.93
   Episode_Reward/track_linear_velocity: 0.0305
  Episode_Reward/track_angular_velocity: 0.0023
                 Episode_Reward/upright: 0.0369
                    Episode_Reward/pose: 0.0115
            Episode_Reward/body_ang_vel: -0.0234
        Episode_Reward/angular_momentum: -0.0000
          Episode_Reward/dof_pos_limits: -0.0006
          Episode_Reward/action_rate_l2: -0.0927
                Episode_Reward/air_time: 0.0169
          Episode_Reward/foot_clearance: -0.0006
       Episode_Reward/foot_swing_height: -0.0029
               Episode_Reward/foot_slip: -0.0001
         Episode_Reward/self_collisions: -0.0005
      Episode_Reward/head_pose_tracking: 0.0691
      Episode_Reward/body_pose_tracking: 0.0000
          Episode_Reward/head_pose_bias: 0.0000
        Episode_Metrics/mean_action_acc: 1.7210
          Curriculum/action_rate_weight: -0.1000
               Curriculum/standing_envs: 0.0200
             Curriculum/head_pose_range: 0.0700
             Curriculum/body_pose_range: 0.0500
                   Curriculum/com_range: 0.0030
              Curriculum/head_com_range: 0.0030
       Curriculum/head_pose_bias_weight: 0.0000
             Metrics/twist/error_vel_xy: 0.0354
            Metrics/twist/error_vel_yaw: 0.1912
           Episode_Termination/time_out: 0.0000
          Episode_Termination/fell_over: 12.8750
Episode_Termination/out_of_terrain_bounds: 0.0000
          Episode_Termination/nan_state: 0.0000
          Metrics/angular_momentum_mean: 0.0115
                  Metrics/air_time_mean: 0.0736
               Metrics/peak_height_mean: 0.0155
             Metrics/slip_velocity_mean: 0.1180
--------------------------------------------------------------------------------
                         Iteration time: 13.00s
                           Time elapsed: 00:06:18
                                    ETA: 00:04:34

################################################################################
[1m                            Learning iteration 29/50                            [0m 

                               Run name: velocity
                            Total steps: 368640 
                       Steps per second: 940 
                        Collection time: 12.788s 
                          Learning time: 0.279s 
                        Mean value loss: 0.0398
                    Mean surrogate loss: -0.0120
                      Mean entropy loss: 18.7801
                            Mean reward: 0.99
                    Mean episode length: 38.24
                        Mean action std: 0.92
   Episode_Reward/track_linear_velocity: 0.0290
  Episode_Reward/track_angular_velocity: 0.0023
                 Episode_Reward/upright: 0.0369
                    Episode_Reward/pose: 0.0119
            Episode_Reward/body_ang_vel: -0.0233
        Episode_Reward/angular_momentum: -0.0000
          Episode_Reward/dof_pos_limits: -0.0006
          Episode_Reward/action_rate_l2: -0.0927
                Episode_Reward/air_time: 0.0206
          Episode_Reward/foot_clearance: -0.0006
       Episode_Reward/foot_swing_height: -0.0026
               Episode_Reward/foot_slip: -0.0001
         Episode_Reward/self_collisions: -0.0007
      Episode_Reward/head_pose_tracking: 0.0696
      Episode_Reward/body_pose_tracking: 0.0000
          Episode_Reward/head_pose_bias: 0.0000
        Episode_Metrics/mean_action_acc: 1.7176
          Curriculum/action_rate_weight: -0.1000
               Curriculum/standing_envs: 0.0200
             Curriculum/head_pose_range: 0.0700
             Curriculum/body_pose_range: 0.0500
                   Curriculum/com_range: 0.0030
              Curriculum/head_com_range: 0.0030
       Curriculum/head_pose_bias_weight: 0.0000
             Metrics/twist/error_vel_xy: 0.0366
            Metrics/twist/error_vel_yaw: 0.1953
           Episode_Termination/time_out: 0.0000
          Episode_Termination/fell_over: 11.9583
Episode_Termination/out_of_terrain_bounds: 0.0000
          Episode_Termination/nan_state: 0.0000
          Metrics/angular_momentum_mean: 0.0112
                  Metrics/air_time_mean: 0.0770
               Metrics/peak_height_mean: 0.0151
             Metrics/slip_velocity_mean: 0.1145
--------------------------------------------------------------------------------
                         Iteration time: 13.07s
                           Time elapsed: 00:06:32
                                    ETA: 00:04:21

################################################################################
[1m                            Learning iteration 30/50                            [0m 

                               Run name: velocity
                            Total steps: 380928 
                       Steps per second: 945 
                        Collection time: 12.762s 
                          Learning time: 0.241s 
                        Mean value loss: 0.0400
                    Mean surrogate loss: -0.0138
                      Mean entropy loss: 18.7506
                            Mean reward: 0.99
                    Mean episode length: 39.76
                        Mean action std: 0.92
   Episode_Reward/track_linear_velocity: 0.0299
  Episode_Reward/track_angular_velocity: 0.0022
                 Episode_Reward/upright: 0.0379
                    Episode_Reward/pose: 0.0115
            Episode_Reward/body_ang_vel: -0.0238
        Episode_Reward/angular_momentum: -0.0000
          Episode_Reward/dof_pos_limits: -0.0006
          Episode_Reward/action_rate_l2: -0.0936
                Episode_Reward/air_time: 0.0199
          Episode_Reward/foot_clearance: -0.0006
       Episode_Reward/foot_swing_height: -0.0028
               Episode_Reward/foot_slip: -0.0001
         Episode_Reward/self_collisions: -0.0005
      Episode_Reward/head_pose_tracking: 0.0703
      Episode_Reward/body_pose_tracking: 0.0000
          Episode_Reward/head_pose_bias: 0.0000
        Episode_Metrics/mean_action_acc: 1.7125
          Curriculum/action_rate_weight: -0.1000
               Curriculum/standing_envs: 0.0200
             Curriculum/head_pose_range: 0.0700
             Curriculum/body_pose_range: 0.0500
                   Curriculum/com_range: 0.0030
              Curriculum/head_com_range: 0.0030
       Curriculum/head_pose_bias_weight: 0.0000
             Metrics/twist/error_vel_xy: 0.0365
            Metrics/twist/error_vel_yaw: 0.2016
           Episode_Termination/time_out: 0.0000
          Episode_Termination/fell_over: 12.7917
Episode_Termination/out_of_terrain_bounds: 0.0000
          Episode_Termination/nan_state: 0.0000
          Metrics/angular_momentum_mean: 0.0114
                  Metrics/air_time_mean: 0.0767
               Metrics/peak_height_mean: 0.0156
             Metrics/slip_velocity_mean: 0.1130
--------------------------------------------------------------------------------
                         Iteration time: 13.00s
                           Time elapsed: 00:06:45
                                    ETA: 00:04:08

################################################################################
[1m                            Learning iteration 31/50                            [0m 

                               Run name: velocity
                            Total steps: 393216 
                       Steps per second: 941 
                        Collection time: 12.784s 
                          Learning time: 0.275s 
                        Mean value loss: 0.0390
                    Mean surrogate loss: -0.0126
                      Mean entropy loss: 18.7222
                            Mean reward: 1.12
                    Mean episode length: 42.74
                        Mean action std: 0.92
   Episode_Reward/track_linear_velocity: 0.0310
  Episode_Reward/track_angular_velocity: 0.0023
                 Episode_Reward/upright: 0.0397
                    Episode_Reward/pose: 0.0121
            Episode_Reward/body_ang_vel: -0.0237
        Episode_Reward/angular_momentum: -0.0000
          Episode_Reward/dof_pos_limits: -0.0006
          Episode_Reward/action_rate_l2: -0.0943
                Episode_Reward/air_time: 0.0203
          Episode_Reward/foot_clearance: -0.0006
       Episode_Reward/foot_swing_height: -0.0030
               Episode_Reward/foot_slip: -0.0001
         Episode_Reward/self_collisions: -0.0006
      Episode_Reward/head_pose_tracking: 0.0720
      Episode_Reward/body_pose_tracking: 0.0000
          Episode_Reward/head_pose_bias: 0.0000
        Episode_Metrics/mean_action_acc: 1.6960
          Curriculum/action_rate_weight: -0.1000
               Curriculum/standing_envs: 0.0200
             Curriculum/head_pose_range: 0.0700
             Curriculum/body_pose_range: 0.0500
                   Curriculum/com_range: 0.0030
              Curriculum/head_com_range: 0.0030
       Curriculum/head_pose_bias_weight: 0.0000
             Metrics/twist/error_vel_xy: 0.0377
            Metrics/twist/error_vel_yaw: 0.2057
           Episode_Termination/time_out: 0.0000
          Episode_Termination/fell_over: 11.9583
Episode_Termination/out_of_terrain_bounds: 0.0000
          Episode_Termination/nan_state: 0.0000
          Metrics/angular_momentum_mean: 0.0113
                  Metrics/air_time_mean: 0.0774
               Metrics/peak_height_mean: 0.0148
             Metrics/slip_velocity_mean: 0.1143
--------------------------------------------------------------------------------
                         Iteration time: 13.06s
                           Time elapsed: 00:06:58
                                    ETA: 00:03:55

################################################################################
[1m                            Learning iteration 32/50                            [0m 

                               Run name: velocity
                            Total steps: 405504 
                       Steps per second: 945 
                        Collection time: 12.753s 
                          Learning time: 0.239s 
                        Mean value loss: 0.0387
                    Mean surrogate loss: -0.0133
                      Mean entropy loss: 18.6937
                            Mean reward: 1.12
                    Mean episode length: 42.31
                        Mean action std: 0.92
   Episode_Reward/track_linear_velocity: 0.0323
  Episode_Reward/track_angular_velocity: 0.0023
                 Episode_Reward/upright: 0.0400
                    Episode_Reward/pose: 0.0121
            Episode_Reward/body_ang_vel: -0.0235
        Episode_Reward/angular_momentum: -0.0000
          Episode_Reward/dof_pos_limits: -0.0007
          Episode_Reward/action_rate_l2: -0.0962
                Episode_Reward/air_time: 0.0204
          Episode_Reward/foot_clearance: -0.0007
       Episode_Reward/foot_swing_height: -0.0030
               Episode_Reward/foot_slip: -0.0001
         Episode_Reward/self_collisions: -0.0005
      Episode_Reward/head_pose_tracking: 0.0737
      Episode_Reward/body_pose_tracking: 0.0000
          Episode_Reward/head_pose_bias: 0.0000
        Episode_Metrics/mean_action_acc: 1.6988
          Curriculum/action_rate_weight: -0.1000
               Curriculum/standing_envs: 0.0200
             Curriculum/head_pose_range: 0.0700
             Curriculum/body_pose_range: 0.0500
                   Curriculum/com_range: 0.0030
              Curriculum/head_com_range: 0.0030
       Curriculum/head_pose_bias_weight: 0.0000
             Metrics/twist/error_vel_xy: 0.0373
            Metrics/twist/error_vel_yaw: 0.2072
           Episode_Termination/time_out: 0.0000
          Episode_Termination/fell_over: 12.1667
Episode_Termination/out_of_terrain_bounds: 0.0000
          Episode_Termination/nan_state: 0.0000
          Metrics/angular_momentum_mean: 0.0112
                  Metrics/air_time_mean: 0.0798
               Metrics/peak_height_mean: 0.0154
             Metrics/slip_velocity_mean: 0.1184
--------------------------------------------------------------------------------
                         Iteration time: 12.99s
                           Time elapsed: 00:07:11
                                    ETA: 00:03:42

################################################################################
[1m                            Learning iteration 33/50                            [0m 

                               Run name: velocity
                            Total steps: 417792 
                       Steps per second: 943 
                        Collection time: 12.741s 
                          Learning time: 0.277s 
                        Mean value loss: 0.0404
                    Mean surrogate loss: -0.0128
                      Mean entropy loss: 18.6645
                            Mean reward: 1.18
                    Mean episode length: 43.07
                        Mean action std: 0.92
   Episode_Reward/track_linear_velocity: 0.0307
  Episode_Reward/track_angular_velocity: 0.0024
                 Episode_Reward/upright: 0.0399
                    Episode_Reward/pose: 0.0121
            Episode_Reward/body_ang_vel: -0.0239
        Episode_Reward/angular_momentum: -0.0000
          Episode_Reward/dof_pos_limits: -0.0007
          Episode_Reward/action_rate_l2: -0.0946
                Episode_Reward/air_time: 0.0209
          Episode_Reward/foot_clearance: -0.0006
       Episode_Reward/foot_swing_height: -0.0030
               Episode_Reward/foot_slip: -0.0001
         Episode_Reward/self_collisions: -0.0004
      Episode_Reward/head_pose_tracking: 0.0732
      Episode_Reward/body_pose_tracking: 0.0000
          Episode_Reward/head_pose_bias: 0.0000
        Episode_Metrics/mean_action_acc: 1.6888
          Curriculum/action_rate_weight: -0.1000
               Curriculum/standing_envs: 0.0200
             Curriculum/head_pose_range: 0.0700
             Curriculum/body_pose_range: 0.0500
                   Curriculum/com_range: 0.0030
              Curriculum/head_com_range: 0.0030
       Curriculum/head_pose_bias_weight: 0.0000
             Metrics/twist/error_vel_xy: 0.0380
            Metrics/twist/error_vel_yaw: 0.2038
           Episode_Termination/time_out: 0.0000
          Episode_Termination/fell_over: 12.7917
Episode_Termination/out_of_terrain_bounds: 0.0000
          Episode_Termination/nan_state: 0.0000
          Metrics/angular_momentum_mean: 0.0112
                  Metrics/air_time_mean: 0.0807
               Metrics/peak_height_mean: 0.0158
             Metrics/slip_velocity_mean: 0.1145
--------------------------------------------------------------------------------
                         Iteration time: 13.02s
                           Time elapsed: 00:07:24
                                    ETA: 00:03:28

################################################################################
[1m                            Learning iteration 34/50                            [0m 

                               Run name: velocity
                            Total steps: 430080 
                       Steps per second: 945 
                        Collection time: 12.757s 
                          Learning time: 0.237s 
                        Mean value loss: 0.0387
                    Mean surrogate loss: -0.0129
                      Mean entropy loss: 18.6325
                            Mean reward: 1.14
                    Mean episode length: 41.55
                        Mean action std: 0.91
   Episode_Reward/track_linear_velocity: 0.0305
  Episode_Reward/track_angular_velocity: 0.0024
                 Episode_Reward/upright: 0.0391
                    Episode_Reward/pose: 0.0122
            Episode_Reward/body_ang_vel: -0.0239
        Episode_Reward/angular_momentum: -0.0000
          Episode_Reward/dof_pos_limits: -0.0007
          Episode_Reward/action_rate_l2: -0.0939
                Episode_Reward/air_time: 0.0220
          Episode_Reward/foot_clearance: -0.0006
       Episode_Reward/foot_swing_height: -0.0029
               Episode_Reward/foot_slip: -0.0001
         Episode_Reward/self_collisions: -0.0005
      Episode_Reward/head_pose_tracking: 0.0731
      Episode_Reward/body_pose_tracking: 0.0000
          Episode_Reward/head_pose_bias: 0.0000
        Episode_Metrics/mean_action_acc: 1.6829
          Curriculum/action_rate_weight: -0.1000
               Curriculum/standing_envs: 0.0200
             Curriculum/head_pose_range: 0.0700
             Curriculum/body_pose_range: 0.0500
                   Curriculum/com_range: 0.0030
              Curriculum/head_com_range: 0.0030
       Curriculum/head_pose_bias_weight: 0.0000
             Metrics/twist/error_vel_xy: 0.0384
            Metrics/twist/error_vel_yaw: 0.2078
           Episode_Termination/time_out: 0.0000
          Episode_Termination/fell_over: 12.1250
Episode_Termination/out_of_terrain_bounds: 0.0000
          Episode_Termination/nan_state: 0.0000
          Metrics/angular_momentum_mean: 0.0116
                  Metrics/air_time_mean: 0.0809
               Metrics/peak_height_mean: 0.0159
             Metrics/slip_velocity_mean: 0.1165
--------------------------------------------------------------------------------
                         Iteration time: 12.99s
                           Time elapsed: 00:07:37
                                    ETA: 00:03:15

################################################################################
[1m                            Learning iteration 35/50                            [0m 

                               Run name: velocity
                            Total steps: 442368 
                       Steps per second: 943 
                        Collection time: 12.732s 
                          Learning time: 0.289s 
                        Mean value loss: 0.0425
                    Mean surrogate loss: -0.0124
                      Mean entropy loss: 18.6005
                            Mean reward: 1.14
                    Mean episode length: 41.92
                        Mean action std: 0.91
   Episode_Reward/track_linear_velocity: 0.0318
  Episode_Reward/track_angular_velocity: 0.0024
                 Episode_Reward/upright: 0.0391
                    Episode_Reward/pose: 0.0116
            Episode_Reward/body_ang_vel: -0.0238
        Episode_Reward/angular_momentum: -0.0000
          Episode_Reward/dof_pos_limits: -0.0007
          Episode_Reward/action_rate_l2: -0.0945
                Episode_Reward/air_time: 0.0233
          Episode_Reward/foot_clearance: -0.0007
       Episode_Reward/foot_swing_height: -0.0029
               Episode_Reward/foot_slip: -0.0001
         Episode_Reward/self_collisions: -0.0005
      Episode_Reward/head_pose_tracking: 0.0736
      Episode_Reward/body_pose_tracking: 0.0000
          Episode_Reward/head_pose_bias: 0.0000
        Episode_Metrics/mean_action_acc: 1.6801
          Curriculum/action_rate_weight: -0.1000
               Curriculum/standing_envs: 0.0200
             Curriculum/head_pose_range: 0.0700
             Curriculum/body_pose_range: 0.0500
                   Curriculum/com_range: 0.0030
              Curriculum/head_com_range: 0.0030
       Curriculum/head_pose_bias_weight: 0.0000
             Metrics/twist/error_vel_xy: 0.0378
            Metrics/twist/error_vel_yaw: 0.2076
           Episode_Termination/time_out: 0.0000
          Episode_Termination/fell_over: 11.8750
Episode_Termination/out_of_terrain_bounds: 0.0000
          Episode_Termination/nan_state: 0.0000
          Metrics/angular_momentum_mean: 0.0113
                  Metrics/air_time_mean: 0.0839
               Metrics/peak_height_mean: 0.0162
             Metrics/slip_velocity_mean: 0.1146
--------------------------------------------------------------------------------
                         Iteration time: 13.02s
                           Time elapsed: 00:07:50
                                    ETA: 00:03:02

################################################################################
[1m                            Learning iteration 36/50                            [0m 

                               Run name: velocity
                            Total steps: 454656 
                       Steps per second: 946 
                        Collection time: 12.744s 
                          Learning time: 0.239s 
                        Mean value loss: 0.0407
                    Mean surrogate loss: -0.0138
                      Mean entropy loss: 18.5714
                            Mean reward: 1.14
                    Mean episode length: 41.27
                        Mean action std: 0.91
   Episode_Reward/track_linear_velocity: 0.0305
  Episode_Reward/track_angular_velocity: 0.0024
                 Episode_Reward/upright: 0.0381
                    Episode_Reward/pose: 0.0112
            Episode_Reward/body_ang_vel: -0.0239
        Episode_Reward/angular_momentum: -0.0000
          Episode_Reward/dof_pos_limits: -0.0007
          Episode_Reward/action_rate_l2: -0.0897
                Episode_Reward/air_time: 0.0215
          Episode_Reward/foot_clearance: -0.0007
       Episode_Reward/foot_swing_height: -0.0030
               Episode_Reward/foot_slip: -0.0001
         Episode_Reward/self_collisions: -0.0005
      Episode_Reward/head_pose_tracking: 0.0706
      Episode_Reward/body_pose_tracking: 0.0000
          Episode_Reward/head_pose_bias: 0.0000
        Episode_Metrics/mean_action_acc: 1.6787
          Curriculum/action_rate_weight: -0.1000
               Curriculum/standing_envs: 0.0200
             Curriculum/head_pose_range: 0.0700
             Curriculum/body_pose_range: 0.0500
                   Curriculum/com_range: 0.0030
              Curriculum/head_com_range: 0.0030
       Curriculum/head_pose_bias_weight: 0.0000
             Metrics/twist/error_vel_xy: 0.0361
            Metrics/twist/error_vel_yaw: 0.1969
           Episode_Termination/time_out: 0.0000
          Episode_Termination/fell_over: 13.0000
Episode_Termination/out_of_terrain_bounds: 0.0000
          Episode_Termination/nan_state: 0.0000
          Metrics/angular_momentum_mean: 0.0116
                  Metrics/air_time_mean: 0.0815
               Metrics/peak_height_mean: 0.0164
             Metrics/slip_velocity_mean: 0.1173
--------------------------------------------------------------------------------
                         Iteration time: 12.98s
                           Time elapsed: 00:08:03
                                    ETA: 00:02:49

################################################################################
[1m                            Learning iteration 37/50                            [0m 

                               Run name: velocity
                            Total steps: 466944 
                       Steps per second: 936 
                        Collection time: 12.856s 
                          Learning time: 0.269s 
                        Mean value loss: 0.0378
                    Mean surrogate loss: -0.0129
                      Mean entropy loss: 18.5419
                            Mean reward: 1.01
                    Mean episode length: 38.50
                        Mean action std: 0.91
   Episode_Reward/track_linear_velocity: 0.0296
  Episode_Reward/track_angular_velocity: 0.0024
                 Episode_Reward/upright: 0.0385
                    Episode_Reward/pose: 0.0115
            Episode_Reward/body_ang_vel: -0.0237
        Episode_Reward/angular_momentum: -0.0000
          Episode_Reward/dof_pos_limits: -0.0006
          Episode_Reward/action_rate_l2: -0.0914
                Episode_Reward/air_time: 0.0219
          Episode_Reward/foot_clearance: -0.0007
       Episode_Reward/foot_swing_height: -0.0029
               Episode_Reward/foot_slip: -0.0001
         Episode_Reward/self_collisions: -0.0005
      Episode_Reward/head_pose_tracking: 0.0718
      Episode_Reward/body_pose_tracking: 0.0000
          Episode_Reward/head_pose_bias: 0.0000
        Episode_Metrics/mean_action_acc: 1.6745
          Curriculum/action_rate_weight: -0.1000
               Curriculum/standing_envs: 0.0200
             Curriculum/head_pose_range: 0.0700
             Curriculum/body_pose_range: 0.0500
                   Curriculum/com_range: 0.0030
              Curriculum/head_com_range: 0.0030
       Curriculum/head_pose_bias_weight: 0.0000
             Metrics/twist/error_vel_xy: 0.0381
            Metrics/twist/error_vel_yaw: 0.2014
           Episode_Termination/time_out: 0.0000
          Episode_Termination/fell_over: 12.0417
Episode_Termination/out_of_terrain_bounds: 0.0000
          Episode_Termination/nan_state: 0.0000
          Metrics/angular_momentum_mean: 0.0114
                  Metrics/air_time_mean: 0.0820
               Metrics/peak_height_mean: 0.0167
             Metrics/slip_velocity_mean: 0.1156
--------------------------------------------------------------------------------
                         Iteration time: 13.12s
                           Time elapsed: 00:08:16
                                    ETA: 00:02:36

################################################################################
[1m                            Learning iteration 38/50                            [0m 

                               Run name: velocity
                            Total steps: 479232 
                       Steps per second: 949 
                        Collection time: 12.700s 
                          Learning time: 0.237s 
                        Mean value loss: 0.0396
                    Mean surrogate loss: -0.0127
                      Mean entropy loss: 18.5126
                            Mean reward: 1.17
                    Mean episode length: 40.24
                        Mean action std: 0.91
   Episode_Reward/track_linear_velocity: 0.0312
  Episode_Reward/track_angular_velocity: 0.0024
                 Episode_Reward/upright: 0.0396
                    Episode_Reward/pose: 0.0121
            Episode_Reward/body_ang_vel: -0.0236
        Episode_Reward/angular_momentum: -0.0000
          Episode_Reward/dof_pos_limits: -0.0006
          Episode_Reward/action_rate_l2: -0.0929
                Episode_Reward/air_time: 0.0247
          Episode_Reward/foot_clearance: -0.0007
       Episode_Reward/foot_swing_height: -0.0032
               Episode_Reward/foot_slip: -0.0001
         Episode_Reward/self_collisions: -0.0005
      Episode_Reward/head_pose_tracking: 0.0739
      Episode_Reward/body_pose_tracking: 0.0000
          Episode_Reward/head_pose_bias: 0.0000
        Episode_Metrics/mean_action_acc: 1.6657
          Curriculum/action_rate_weight: -0.1000
               Curriculum/standing_envs: 0.0200
             Curriculum/head_pose_range: 0.0700
             Curriculum/body_pose_range: 0.0500
                   Curriculum/com_range: 0.0030
              Curriculum/head_com_range: 0.0030
       Curriculum/head_pose_bias_weight: 0.0000
             Metrics/twist/error_vel_xy: 0.0386
            Metrics/twist/error_vel_yaw: 0.2047
           Episode_Termination/time_out: 0.0000
          Episode_Termination/fell_over: 12.1667
Episode_Termination/out_of_terrain_bounds: 0.0000
          Episode_Termination/nan_state: 0.0000
          Metrics/angular_momentum_mean: 0.0114
                  Metrics/air_time_mean: 0.0868
               Metrics/peak_height_mean: 0.0163
             Metrics/slip_velocity_mean: 0.1133
--------------------------------------------------------------------------------
                         Iteration time: 12.94s
                           Time elapsed: 00:08:29
                                    ETA: 00:02:23

################################################################################
[1m                            Learning iteration 39/50                            [0m 

                               Run name: velocity
                            Total steps: 491520 
                       Steps per second: 949 
                        Collection time: 12.671s 
                          Learning time: 0.272s 
                        Mean value loss: 0.0396
                    Mean surrogate loss: -0.0143
                      Mean entropy loss: 18.4872
                            Mean reward: 1.20
                    Mean episode length: 41.75
                        Mean action std: 0.91
   Episode_Reward/track_linear_velocity: 0.0314
  Episode_Reward/track_angular_velocity: 0.0023
                 Episode_Reward/upright: 0.0405
                    Episode_Reward/pose: 0.0120
            Episode_Reward/body_ang_vel: -0.0241
        Episode_Reward/angular_momentum: -0.0000
          Episode_Reward/dof_pos_limits: -0.0007
          Episode_Reward/action_rate_l2: -0.0934
                Episode_Reward/air_time: 0.0236
          Episode_Reward/foot_clearance: -0.0007
       Episode_Reward/foot_swing_height: -0.0033
               Episode_Reward/foot_slip: -0.0001
         Episode_Reward/self_collisions: -0.0004
      Episode_Reward/head_pose_tracking: 0.0746
      Episode_Reward/body_pose_tracking: 0.0000
          Episode_Reward/head_pose_bias: 0.0000
        Episode_Metrics/mean_action_acc: 1.6628
          Curriculum/action_rate_weight: -0.1000
               Curriculum/standing_envs: 0.0200
             Curriculum/head_pose_range: 0.0700
             Curriculum/body_pose_range: 0.0500
                   Curriculum/com_range: 0.0030
              Curriculum/head_com_range: 0.0030
       Curriculum/head_pose_bias_weight: 0.0000
             Metrics/twist/error_vel_xy: 0.0392
            Metrics/twist/error_vel_yaw: 0.2092
           Episode_Termination/time_out: 0.0000
          Episode_Termination/fell_over: 12.0000
Episode_Termination/out_of_terrain_bounds: 0.0000
          Episode_Termination/nan_state: 0.0000
          Metrics/angular_momentum_mean: 0.0113
                  Metrics/air_time_mean: 0.0866
               Metrics/peak_height_mean: 0.0166
             Metrics/slip_velocity_mean: 0.1150
--------------------------------------------------------------------------------
                         Iteration time: 12.94s
                           Time elapsed: 00:08:42
                                    ETA: 00:02:10

################################################################################
[1m                            Learning iteration 40/50                            [0m 

                               Run name: velocity
                            Total steps: 503808 
                       Steps per second: 946 
                        Collection time: 12.741s 
                          Learning time: 0.238s 
                        Mean value loss: 0.0389
                    Mean surrogate loss: -0.0135
                      Mean entropy loss: 18.4621
                            Mean reward: 1.23
                    Mean episode length: 42.95
                        Mean action std: 0.90
   Episode_Reward/track_linear_velocity: 0.0302
  Episode_Reward/track_angular_velocity: 0.0023
                 Episode_Reward/upright: 0.0398
                    Episode_Reward/pose: 0.0121
            Episode_Reward/body_ang_vel: -0.0244
        Episode_Reward/angular_momentum: -0.0000
          Episode_Reward/dof_pos_limits: -0.0006
          Episode_Reward/action_rate_l2: -0.0929
                Episode_Reward/air_time: 0.0234
          Episode_Reward/foot_clearance: -0.0007
       Episode_Reward/foot_swing_height: -0.0031
               Episode_Reward/foot_slip: -0.0001
         Episode_Reward/self_collisions: -0.0004
      Episode_Reward/head_pose_tracking: 0.0747
      Episode_Reward/body_pose_tracking: 0.0000
          Episode_Reward/head_pose_bias: 0.0000
        Episode_Metrics/mean_action_acc: 1.6572
          Curriculum/action_rate_weight: -0.1000
               Curriculum/standing_envs: 0.0200
             Curriculum/head_pose_range: 0.0700
             Curriculum/body_pose_range: 0.0500
                   Curriculum/com_range: 0.0030
              Curriculum/head_com_range: 0.0030
       Curriculum/head_pose_bias_weight: 0.0000
             Metrics/twist/error_vel_xy: 0.0396
            Metrics/twist/error_vel_yaw: 0.2047
           Episode_Termination/time_out: 0.0000
          Episode_Termination/fell_over: 11.8333
Episode_Termination/out_of_terrain_bounds: 0.0000
          Episode_Termination/nan_state: 0.0000
          Metrics/angular_momentum_mean: 0.0113
                  Metrics/air_time_mean: 0.0833
               Metrics/peak_height_mean: 0.0160
             Metrics/slip_velocity_mean: 0.1120
--------------------------------------------------------------------------------
                         Iteration time: 12.98s
                           Time elapsed: 00:08:55
                                    ETA: 00:01:57

################################################################################
[1m                            Learning iteration 41/50                            [0m 

                               Run name: velocity
                            Total steps: 516096 
                       Steps per second: 945 
                        Collection time: 12.729s 
                          Learning time: 0.273s 
                        Mean value loss: 0.0400
                    Mean surrogate loss: -0.0126
                      Mean entropy loss: 18.4338
                            Mean reward: 1.16
                    Mean episode length: 42.72
                        Mean action std: 0.90
   Episode_Reward/track_linear_velocity: 0.0303
  Episode_Reward/track_angular_velocity: 0.0024
                 Episode_Reward/upright: 0.0401
                    Episode_Reward/pose: 0.0119
            Episode_Reward/body_ang_vel: -0.0240
        Episode_Reward/angular_momentum: -0.0000
          Episode_Reward/dof_pos_limits: -0.0006
          Episode_Reward/action_rate_l2: -0.0927
                Episode_Reward/air_time: 0.0225
          Episode_Reward/foot_clearance: -0.0007
       Episode_Reward/foot_swing_height: -0.0032
               Episode_Reward/foot_slip: -0.0001
         Episode_Reward/self_collisions: -0.0007
      Episode_Reward/head_pose_tracking: 0.0736
      Episode_Reward/body_pose_tracking: 0.0000
          Episode_Reward/head_pose_bias: 0.0000
        Episode_Metrics/mean_action_acc: 1.6600
          Curriculum/action_rate_weight: -0.1000
               Curriculum/standing_envs: 0.0200
             Curriculum/head_pose_range: 0.0700
             Curriculum/body_pose_range: 0.0500
                   Curriculum/com_range: 0.0030
              Curriculum/head_com_range: 0.0030
       Curriculum/head_pose_bias_weight: 0.0000
             Metrics/twist/error_vel_xy: 0.0393
            Metrics/twist/error_vel_yaw: 0.2035
           Episode_Termination/time_out: 0.0000
          Episode_Termination/fell_over: 12.8750
Episode_Termination/out_of_terrain_bounds: 0.0000
          Episode_Termination/nan_state: 0.0000
          Metrics/angular_momentum_mean: 0.0114
                  Metrics/air_time_mean: 0.0834
               Metrics/peak_height_mean: 0.0170
             Metrics/slip_velocity_mean: 0.1146
--------------------------------------------------------------------------------
                         Iteration time: 13.00s
                           Time elapsed: 00:09:08
                                    ETA: 00:01:44

################################################################################
[1m                            Learning iteration 42/50                            [0m 

                               Run name: velocity
                            Total steps: 528384 
                       Steps per second: 947 
                        Collection time: 12.732s 
                          Learning time: 0.239s 
                        Mean value loss: 0.0421
                    Mean surrogate loss: -0.0121
                      Mean entropy loss: 18.4035
                            Mean reward: 1.17
                    Mean episode length: 42.30
                        Mean action std: 0.90
   Episode_Reward/track_linear_velocity: 0.0319
  Episode_Reward/track_angular_velocity: 0.0025
                 Episode_Reward/upright: 0.0415
                    Episode_Reward/pose: 0.0124
            Episode_Reward/body_ang_vel: -0.0243
        Episode_Reward/angular_momentum: -0.0000
          Episode_Reward/dof_pos_limits: -0.0006
          Episode_Reward/action_rate_l2: -0.0949
                Episode_Reward/air_time: 0.0217
          Episode_Reward/foot_clearance: -0.0007
       Episode_Reward/foot_swing_height: -0.0032
               Episode_Reward/foot_slip: -0.0001
         Episode_Reward/self_collisions: -0.0005
      Episode_Reward/head_pose_tracking: 0.0768
      Episode_Reward/body_pose_tracking: 0.0000
          Episode_Reward/head_pose_bias: 0.0000
        Episode_Metrics/mean_action_acc: 1.6541
          Curriculum/action_rate_weight: -0.1000
               Curriculum/standing_envs: 0.0200
             Curriculum/head_pose_range: 0.0700
             Curriculum/body_pose_range: 0.0500
                   Curriculum/com_range: 0.0030
              Curriculum/head_com_range: 0.0030
       Curriculum/head_pose_bias_weight: 0.0000
             Metrics/twist/error_vel_xy: 0.0390
            Metrics/twist/error_vel_yaw: 0.2098
           Episode_Termination/time_out: 0.0000
          Episode_Termination/fell_over: 11.7500
Episode_Termination/out_of_terrain_bounds: 0.0000
          Episode_Termination/nan_state: 0.0000
          Metrics/angular_momentum_mean: 0.0114
                  Metrics/air_time_mean: 0.0834
               Metrics/peak_height_mean: 0.0162
             Metrics/slip_velocity_mean: 0.1161
--------------------------------------------------------------------------------
                         Iteration time: 12.97s
                           Time elapsed: 00:09:21
                                    ETA: 00:01:31

################################################################################
[1m                            Learning iteration 43/50                            [0m 

                               Run name: velocity
                            Total steps: 540672 
                       Steps per second: 943 
                        Collection time: 12.749s 
                          Learning time: 0.272s 
                        Mean value loss: 0.0420
                    Mean surrogate loss: -0.0132
                      Mean entropy loss: 18.3729
                            Mean reward: 1.33
                    Mean episode length: 44.60
                        Mean action std: 0.90
   Episode_Reward/track_linear_velocity: 0.0307
  Episode_Reward/track_angular_velocity: 0.0025
                 Episode_Reward/upright: 0.0411
                    Episode_Reward/pose: 0.0128
            Episode_Reward/body_ang_vel: -0.0245
        Episode_Reward/angular_momentum: -0.0000
          Episode_Reward/dof_pos_limits: -0.0006
          Episode_Reward/action_rate_l2: -0.0947
                Episode_Reward/air_time: 0.0235
          Episode_Reward/foot_clearance: -0.0007
       Episode_Reward/foot_swing_height: -0.0032
               Episode_Reward/foot_slip: -0.0001
         Episode_Reward/self_collisions: -0.0004
      Episode_Reward/head_pose_tracking: 0.0763
      Episode_Reward/body_pose_tracking: 0.0000
          Episode_Reward/head_pose_bias: 0.0000
        Episode_Metrics/mean_action_acc: 1.6579
          Curriculum/action_rate_weight: -0.1000
               Curriculum/standing_envs: 0.0200
             Curriculum/head_pose_range: 0.0700
             Curriculum/body_pose_range: 0.0500
                   Curriculum/com_range: 0.0030
              Curriculum/head_com_range: 0.0030
       Curriculum/head_pose_bias_weight: 0.0000
             Metrics/twist/error_vel_xy: 0.0407
            Metrics/twist/error_vel_yaw: 0.2129
           Episode_Termination/time_out: 0.0000
          Episode_Termination/fell_over: 11.9167
Episode_Termination/out_of_terrain_bounds: 0.0000
          Episode_Termination/nan_state: 0.0000
          Metrics/angular_momentum_mean: 0.0114
                  Metrics/air_time_mean: 0.0839
               Metrics/peak_height_mean: 0.0164
             Metrics/slip_velocity_mean: 0.1152
--------------------------------------------------------------------------------
                         Iteration time: 13.02s
                           Time elapsed: 00:09:34
                                    ETA: 00:01:18

################################################################################
[1m                            Learning iteration 44/50                            [0m 

                               Run name: velocity
                            Total steps: 552960 
                       Steps per second: 950 
                        Collection time: 12.682s 
                          Learning time: 0.240s 
                        Mean value loss: 0.0382
                    Mean surrogate loss: -0.0125
                      Mean entropy loss: 18.3461
                            Mean reward: 1.22
                    Mean episode length: 42.43
                        Mean action std: 0.90
   Episode_Reward/track_linear_velocity: 0.0313
  Episode_Reward/track_angular_velocity: 0.0024
                 Episode_Reward/upright: 0.0403
                    Episode_Reward/pose: 0.0119
            Episode_Reward/body_ang_vel: -0.0235
        Episode_Reward/angular_momentum: -0.0000
          Episode_Reward/dof_pos_limits: -0.0007
          Episode_Reward/action_rate_l2: -0.0926
                Episode_Reward/air_time: 0.0235
          Episode_Reward/foot_clearance: -0.0008
       Episode_Reward/foot_swing_height: -0.0036
               Episode_Reward/foot_slip: -0.0001
         Episode_Reward/self_collisions: -0.0007
      Episode_Reward/head_pose_tracking: 0.0745
      Episode_Reward/body_pose_tracking: 0.0000
          Episode_Reward/head_pose_bias: 0.0000
        Episode_Metrics/mean_action_acc: 1.6537
          Curriculum/action_rate_weight: -0.1000
               Curriculum/standing_envs: 0.0200
             Curriculum/head_pose_range: 0.0700
             Curriculum/body_pose_range: 0.0500
                   Curriculum/com_range: 0.0030
              Curriculum/head_com_range: 0.0030
       Curriculum/head_pose_bias_weight: 0.0000
             Metrics/twist/error_vel_xy: 0.0391
            Metrics/twist/error_vel_yaw: 0.2067
           Episode_Termination/time_out: 0.0000
          Episode_Termination/fell_over: 11.6250
Episode_Termination/out_of_terrain_bounds: 0.0000
          Episode_Termination/nan_state: 0.0000
          Metrics/angular_momentum_mean: 0.0113
                  Metrics/air_time_mean: 0.0919
               Metrics/peak_height_mean: 0.0163
             Metrics/slip_velocity_mean: 0.1143
--------------------------------------------------------------------------------
                         Iteration time: 12.92s
                           Time elapsed: 00:09:47
                                    ETA: 00:01:05

################################################################################
[1m                            Learning iteration 45/50                            [0m 

                               Run name: velocity
                            Total steps: 565248 
                       Steps per second: 947 
                        Collection time: 12.683s 
                          Learning time: 0.279s 
                        Mean value loss: 0.0395
                    Mean surrogate loss: -0.0139
                      Mean entropy loss: 18.3214
                            Mean reward: 1.28
                    Mean episode length: 43.51
                        Mean action std: 0.89
   Episode_Reward/track_linear_velocity: 0.0315
  Episode_Reward/track_angular_velocity: 0.0025
                 Episode_Reward/upright: 0.0403
                    Episode_Reward/pose: 0.0119
            Episode_Reward/body_ang_vel: -0.0240
        Episode_Reward/angular_momentum: -0.0000
          Episode_Reward/dof_pos_limits: -0.0007
          Episode_Reward/action_rate_l2: -0.0941
                Episode_Reward/air_time: 0.0243
          Episode_Reward/foot_clearance: -0.0008
       Episode_Reward/foot_swing_height: -0.0033
               Episode_Reward/foot_slip: -0.0001
         Episode_Reward/self_collisions: -0.0005
      Episode_Reward/head_pose_tracking: 0.0758
      Episode_Reward/body_pose_tracking: 0.0000
          Episode_Reward/head_pose_bias: 0.0000
        Episode_Metrics/mean_action_acc: 1.6518
          Curriculum/action_rate_weight: -0.1000
               Curriculum/standing_envs: 0.0200
             Curriculum/head_pose_range: 0.0700
             Curriculum/body_pose_range: 0.0500
                   Curriculum/com_range: 0.0030
              Curriculum/head_com_range: 0.0030
       Curriculum/head_pose_bias_weight: 0.0000
             Metrics/twist/error_vel_xy: 0.0397
            Metrics/twist/error_vel_yaw: 0.2101
           Episode_Termination/time_out: 0.0000
          Episode_Termination/fell_over: 11.7917
Episode_Termination/out_of_terrain_bounds: 0.0000
          Episode_Termination/nan_state: 0.0000
          Metrics/angular_momentum_mean: 0.0112
                  Metrics/air_time_mean: 0.0829
               Metrics/peak_height_mean: 0.0164
             Metrics/slip_velocity_mean: 0.1133
--------------------------------------------------------------------------------
                         Iteration time: 12.96s
                           Time elapsed: 00:09:59
                                    ETA: 00:00:52

################################################################################
[1m                            Learning iteration 46/50                            [0m 

                               Run name: velocity
                            Total steps: 577536 
                       Steps per second: 951 
                        Collection time: 12.672s 
                          Learning time: 0.245s 
                        Mean value loss: 0.0403
                    Mean surrogate loss: -0.0126
                      Mean entropy loss: 18.2944
                            Mean reward: 1.15
                    Mean episode length: 41.75
                        Mean action std: 0.89
   Episode_Reward/track_linear_velocity: 0.0304
  Episode_Reward/track_angular_velocity: 0.0023
                 Episode_Reward/upright: 0.0389
                    Episode_Reward/pose: 0.0121
            Episode_Reward/body_ang_vel: -0.0243
        Episode_Reward/angular_momentum: -0.0000
          Episode_Reward/dof_pos_limits: -0.0006
          Episode_Reward/action_rate_l2: -0.0919
                Episode_Reward/air_time: 0.0239
          Episode_Reward/foot_clearance: -0.0007
       Episode_Reward/foot_swing_height: -0.0035
               Episode_Reward/foot_slip: -0.0001
         Episode_Reward/self_collisions: -0.0003
      Episode_Reward/head_pose_tracking: 0.0744
      Episode_Reward/body_pose_tracking: 0.0000
          Episode_Reward/head_pose_bias: 0.0000
        Episode_Metrics/mean_action_acc: 1.6522
          Curriculum/action_rate_weight: -0.1000
               Curriculum/standing_envs: 0.0200
             Curriculum/head_pose_range: 0.0700
             Curriculum/body_pose_range: 0.0500
                   Curriculum/com_range: 0.0030
              Curriculum/head_com_range: 0.0030
       Curriculum/head_pose_bias_weight: 0.0000
             Metrics/twist/error_vel_xy: 0.0402
            Metrics/twist/error_vel_yaw: 0.2099
           Episode_Termination/time_out: 0.0000
          Episode_Termination/fell_over: 12.0417
Episode_Termination/out_of_terrain_bounds: 0.0000
          Episode_Termination/nan_state: 0.0000
          Metrics/angular_momentum_mean: 0.0115
                  Metrics/air_time_mean: 0.0837
               Metrics/peak_height_mean: 0.0167
             Metrics/slip_velocity_mean: 0.1223
--------------------------------------------------------------------------------
                         Iteration time: 12.92s
                           Time elapsed: 00:10:12
                                    ETA: 00:00:39

################################################################################
[1m                            Learning iteration 47/50                            [0m 

                               Run name: velocity
                            Total steps: 589824 
                       Steps per second: 947 
                        Collection time: 12.690s 
                          Learning time: 0.284s 
                        Mean value loss: 0.0415
                    Mean surrogate loss: -0.0130
                      Mean entropy loss: 18.2696
                            Mean reward: 1.26
                    Mean episode length: 42.47
                        Mean action std: 0.89
   Episode_Reward/track_linear_velocity: 0.0315
  Episode_Reward/track_angular_velocity: 0.0025
                 Episode_Reward/upright: 0.0412
                    Episode_Reward/pose: 0.0120
            Episode_Reward/body_ang_vel: -0.0247
        Episode_Reward/angular_momentum: -0.0000
          Episode_Reward/dof_pos_limits: -0.0007
          Episode_Reward/action_rate_l2: -0.0933
                Episode_Reward/air_time: 0.0250
          Episode_Reward/foot_clearance: -0.0008
       Episode_Reward/foot_swing_height: -0.0036
               Episode_Reward/foot_slip: -0.0001
         Episode_Reward/self_collisions: -0.0005
      Episode_Reward/head_pose_tracking: 0.0762
      Episode_Reward/body_pose_tracking: 0.0000
          Episode_Reward/head_pose_bias: 0.0000
        Episode_Metrics/mean_action_acc: 1.6402
          Curriculum/action_rate_weight: -0.1000
               Curriculum/standing_envs: 0.0200
             Curriculum/head_pose_range: 0.0700
             Curriculum/body_pose_range: 0.0500
                   Curriculum/com_range: 0.0030
              Curriculum/head_com_range: 0.0030
       Curriculum/head_pose_bias_weight: 0.0000
             Metrics/twist/error_vel_xy: 0.0405
            Metrics/twist/error_vel_yaw: 0.2118
           Episode_Termination/time_out: 0.0000
          Episode_Termination/fell_over: 11.7917
Episode_Termination/out_of_terrain_bounds: 0.0000
          Episode_Termination/nan_state: 0.0000
          Metrics/angular_momentum_mean: 0.0114
                  Metrics/air_time_mean: 0.0824
               Metrics/peak_height_mean: 0.0168
             Metrics/slip_velocity_mean: 0.1160
--------------------------------------------------------------------------------
                         Iteration time: 12.97s
                           Time elapsed: 00:10:25
                                    ETA: 00:00:26

################################################################################
[1m                            Learning iteration 48/50                            [0m 

                               Run name: velocity
                            Total steps: 602112 
                       Steps per second: 950 
                        Collection time: 12.683s 
                          Learning time: 0.249s 
                        Mean value loss: 0.0418
                    Mean surrogate loss: -0.0123
                      Mean entropy loss: 18.2439
                            Mean reward: 1.32
                    Mean episode length: 42.02
                        Mean action std: 0.89
   Episode_Reward/track_linear_velocity: 0.0310
  Episode_Reward/track_angular_velocity: 0.0025
                 Episode_Reward/upright: 0.0408
                    Episode_Reward/pose: 0.0120
            Episode_Reward/body_ang_vel: -0.0237
        Episode_Reward/angular_momentum: -0.0000
          Episode_Reward/dof_pos_limits: -0.0007
          Episode_Reward/action_rate_l2: -0.0906
                Episode_Reward/air_time: 0.0237
          Episode_Reward/foot_clearance: -0.0007
       Episode_Reward/foot_swing_height: -0.0032
               Episode_Reward/foot_slip: -0.0001
         Episode_Reward/self_collisions: -0.0003
      Episode_Reward/head_pose_tracking: 0.0745
      Episode_Reward/body_pose_tracking: 0.0000
          Episode_Reward/head_pose_bias: 0.0000
        Episode_Metrics/mean_action_acc: 1.6340
          Curriculum/action_rate_weight: -0.1000
               Curriculum/standing_envs: 0.0200
             Curriculum/head_pose_range: 0.0700
             Curriculum/body_pose_range: 0.0500
                   Curriculum/com_range: 0.0030
              Curriculum/head_com_range: 0.0030
       Curriculum/head_pose_bias_weight: 0.0000
             Metrics/twist/error_vel_xy: 0.0397
            Metrics/twist/error_vel_yaw: 0.2057
           Episode_Termination/time_out: 0.0000
          Episode_Termination/fell_over: 12.0833
Episode_Termination/out_of_terrain_bounds: 0.0000
          Episode_Termination/nan_state: 0.0000
          Metrics/angular_momentum_mean: 0.0115
                  Metrics/air_time_mean: 0.0838
               Metrics/peak_height_mean: 0.0161
             Metrics/slip_velocity_mean: 0.1167
--------------------------------------------------------------------------------
                         Iteration time: 12.93s
                           Time elapsed: 00:10:38
                                    ETA: 00:00:13

################################################################################
[1m                            Learning iteration 49/50                            [0m 

                               Run name: velocity
                            Total steps: 614400 
                       Steps per second: 946 
                        Collection time: 12.700s 
                          Learning time: 0.278s 
                        Mean value loss: 0.0439
                    Mean surrogate loss: -0.0135
                      Mean entropy loss: 18.2198
                            Mean reward: 1.22
                    Mean episode length: 42.26
                        Mean action std: 0.89
   Episode_Reward/track_linear_velocity: 0.0304
  Episode_Reward/track_angular_velocity: 0.0025
                 Episode_Reward/upright: 0.0407
                    Episode_Reward/pose: 0.0124
            Episode_Reward/body_ang_vel: -0.0244
        Episode_Reward/angular_momentum: -0.0000
          Episode_Reward/dof_pos_limits: -0.0007
          Episode_Reward/action_rate_l2: -0.0923
                Episode_Reward/air_time: 0.0243
          Episode_Reward/foot_clearance: -0.0007
       Episode_Reward/foot_swing_height: -0.0032
               Episode_Reward/foot_slip: -0.0001
         Episode_Reward/self_collisions: -0.0003
      Episode_Reward/head_pose_tracking: 0.0756
      Episode_Reward/body_pose_tracking: 0.0000
          Episode_Reward/head_pose_bias: 0.0000
        Episode_Metrics/mean_action_acc: 1.6437
          Curriculum/action_rate_weight: -0.1000
               Curriculum/standing_envs: 0.0200
             Curriculum/head_pose_range: 0.0700
             Curriculum/body_pose_range: 0.0500
                   Curriculum/com_range: 0.0030
              Curriculum/head_com_range: 0.0030
       Curriculum/head_pose_bias_weight: 0.0000
             Metrics/twist/error_vel_xy: 0.0407
            Metrics/twist/error_vel_yaw: 0.2108
           Episode_Termination/time_out: 0.0000
          Episode_Termination/fell_over: 11.3333
Episode_Termination/out_of_terrain_bounds: 0.0000
          Episode_Termination/nan_state: 0.0000
          Metrics/angular_momentum_mean: 0.0110
                  Metrics/air_time_mean: 0.0833
               Metrics/peak_height_mean: 0.0168
             Metrics/slip_velocity_mean: 0.1135
--------------------------------------------------------------------------------
                         Iteration time: 12.98s
                           Time elapsed: 00:10:51
                                    ETA: 00:00:00

